序号,题型,题库分类（大类）,题目分类（小类）,题干,选项A,选项B,选项C,选项D,答案,解释
1,判断题,国职游泳救生员初级,基础常识,1819年英国成立救生协会。,错误,正确,-,-,B,英国皇家救生协会建于1819年
2,判断题,国职游泳救生员初级,基础常识,1990年，国际救生联合会在比利时成立。,错误,正确,-,-,A,1993年2月23日在比利时成立的国际救生联合会；不是1990年
3,判断题,国职游泳救生员初级,基础常识,2007年中国救生协会加入国际救生协会。,错误,正确,-,-,B,中国救生协会于2007年正式加入国际救生联合会
4,判断题,国职游泳救生员初级,基础常识,中国游泳协会成立于2005年1月。,错误,正确,-,-,A,不是游泳协会，是游泳救生协会
5,判断题,国职游泳救生员初级,基础常识,中国救生协会于2005年成立。,错误,正确,-,-,B,2005年，中国救生协会成立
6,判断题,国职游泳救生员初级,基础常识,1979年上海率先成立了我国第一个水上救生组织。,错误,正确,-,-,B,1979年，上海率先成立了我国第一个水上救生组织--上海市游泳救生委员会。
7,判断题,国职游泳救生员初级,基础常识,1991年上海市游泳救生协会正式成立。,错误,正确,-,-,B,1991年，上海市游泳救生协会正式成立
8,判断题,国职游泳救生员初级,基础常识,2007年11月，游泳救生员成为劳动和社会保障部正式向社会发布的新职业之一。,错误,正确,-,-,B,2007年11月，游泳救生员成为当时的劳动和社会保障部正式向社会发布的新职业之一。
9,判断题,国职游泳救生员初级,基础常识,我国在2007年11月将救生员正式纳入国家职业工种。,错误,正确,-,-,B,2007年11月，游泳救生员成为当时的劳动和社会保障部正式向社会发布的新职业之一。
10,判断题,国职游泳救生员初级,基础常识,2008年5月，我国在杭州举办第一批游泳救生员考评员培训班。,错误,正确,-,-,B,2008年5月，国家体育总局职业技能鉴定指导中心在杭州举办了我国第一批游泳救生考评员培训班。
11,判断题,国职游泳救生员初级,基础常识,2008年4月，国家体育总局职业技能鉴定指导中心组织申报的《游泳救生员国家职业标准》通过终审。,错误,正确,-,-,B,教材原话
12,判断题,国职游泳救生员初级,基础常识,2009年5月，在上海举办了首期游泳救生员教师培训班。,错误,正确,-,-,B,教材原话
13,判断题,国职游泳救生员初级,基础常识,游泳救生是指人们在游泳活动中发生意外事故时所采取的救助措施。,错误,正确,-,-,B,教材原话
14,判断题,国职游泳救生员初级,基础常识,游泳救生员按种类，可以分为游泳池救生和自然水域救生。,错误,正确,-,-,B,游泳救生员分为：游泳池救生员和自然水域救生员
15,判断题,国职游泳救生员初级,基础常识,救生是指人们在活动时发生意外事故所采取的救助措施。,错误,正确,-,-,A,不是人们在活动，是人们在游泳活动
16,判断题,国职游泳救生员初级,基础常识,游泳救生是一项拯溺救难的高尚事业，是人道主义精神和精神文明建设的具体体现。,错误,正确,-,-,B,游泳救生职业是一项拯溺救难、挽救生命的高尚事业，是坚持以人为本、努力构建和谐社会的一个重要方面，是人道主义和精神文明建设的具体体现。
17,判断题,国职游泳救生员初级,基础常识,个人救生优于团队救生。,错误,正确,-,-,A,基本原则：团队救生优于个人救生（人多力量大）
18,判断题,国职游泳救生员初级,基础常识,先救意识清醒者的存活率要比先救昏迷者的存活率高。,错误,正确,-,-,A,基本原则：先救有意识后救无意识原则
19,判断题,国职游泳救生员初级,基础常识,游泳救生员的职业性质一般是拯溺救难、救人生命的崇高事业。,错误,正确,-,-,B,职业性质
20,判断题,国职游泳救生员初级,基础常识,游泳救生员工作的宗旨是“齐心协力，拯救生命”。,错误,正确,-,-,A,工作宗旨：是同心协力，拯溺救难
21,判断题,国职游泳救生员初级,基础常识,游泳救生员工作宗旨是“同心协力、拯溺救难”。,错误,正确,-,-,B,工作宗旨
22,判断题,国职游泳救生员初级,基础常识,“同心协力、拯溺救难”是游泳救生工作的指导思想。,错误,正确,-,-,A,是“以防为主，施救准确”
23,判断题,国职游泳救生员初级,基础常识,“同心同德，拯溺救难”是游泳救生工作的指导思想。,错误,正确,-,-,A,是“以防为主，施救准确”
24,判断题,国职游泳救生员初级,基础常识,救生工作的指导思想是以防为主、施救要准。,错误,正确,-,-,B,游泳救生工作的指导思想是”以防为主，施救要准”
25,判断题,国职游泳救生员初级,基础常识,珍惜生命，乐于奉献是游泳救生员做好本职工作的前提。,错误,正确,-,-,B,珍惜生命、乐于奉献是每个游泳救生员做好本职工作和履行其道德义务的前提。
26,判断题,国职游泳救生员初级,基础常识,溺水事故前做好游泳池的防范工作是救生工作的根本。,错误,正确,-,-,B,“以防为主”是指在游泳救生工作中应把一切可能发生的重大游泳事故消灭在萌芽状态。
27,判断题,国职游泳救生员初级,基础常识,游泳救生工作的中心是安全。,错误,正确,-,-,B,游泳救生工作的中心是安全
28,判断题,国职游泳救生员初级,基础常识,游泳救生员的职业守则基本内容有5个方面。,错误,正确,-,-,A,游泳救生员职业守则是游泳救生员必须遵循的行为标准，基本内容有以下7个方面
29,判断题,国职游泳救生员初级,基础常识,游泳救生员职业守则的内容之一是严守岗位，服从指挥。,错误,正确,-,-,B,
30,判断题,国职游泳救生员初级,技能知识,踩水技术对游泳救生员来讲并不重要。,错误,正确,-,-,A,踩水在救助工作起着重要作用
31,判断题,国职游泳救生员初级,技能知识,踩水技术的缺点是施救过程中不便于救生员观察水面情况。,错误,正确,-,-,A,踩水是便于观察水面情况，缺点是移动速度慢
32,判断题,国职游泳救生员初级,技能知识,踩水可以使身体向前、后、左、右方向移动。,错误,正确,-,-,B,
33,判断题,国职游泳救生员初级,技能知识,踩水时身体俯卧于水中，头露出水面。,错误,正确,-,-,A,是直立，不是俯卧
34,判断题,国职游泳救生员初级,技能知识,采用交替蹬水技术踩水时，腿的蹬水路线及回收路线，基本是直线。,错误,正确,-,-,A,不是直线，而是椭圆形
35,判断题,国职游泳救生员初级,技能知识,采用两腿同时蹬夹水的踩水配合，通常是两腿做蹬夹水动作的同时，两手做向内的摸水动作。,错误,正确,-,-,A,不是向内，是向外摸水
36,判断题,国职游泳救生员初级,技能知识,踩水时腿部的技术动作有两种，一种是两腿交替前后打水，另一种是两腿同时蹬夹水。,错误,正确,-,-,A,是交替蹬夹水，不是交替前后打水
37,判断题,国职游泳救生员初级,技能知识,踩水时，要随着腿、臂动作的节奏自然呼吸。,错误,正确,-,-,B,
38,判断题,国职游泳救生员初级,技能知识,踩水时臂部应两臂弯曲，手和前臂在两侧做向前、向后的摸水动作，手臂动作不直过大。,错误,正确,-,-,A,做向外、向内摸水，不是向前、向后
39,判断题,国职游泳救生员初级,技能知识,踩水两腿交替蹬夹水配合，通常是腿和手不停地进行。,错误,正确,-,-,B,
40,判断题,国职游泳救生员初级,技能知识,踩水配合时一般两腿各蹬夹两次，或两腿同时蹬夹两次，两手做一次摸水动作。,错误,正确,-,-,A,比例是1:1，两腿各蹬夹一次，或两腿同时蹬夹一次
41,判断题,国职游泳救生员初级,技能知识,踩水时，手臂摸水时手掌要有压水的感觉两手摸水路线呈圆形。,错误,正确,-,-,A,呈弧形
42,判断题,国职游泳救生员初级,技能知识,踩水时臂部向外摸水时掌心稍向外，向内摸水时掌心稍向内，两手摸水路线呈弧形。,错误,正确,-,-,B,
43,判断题,国职游泳救生员初级,技能知识,踩水技术在水中救助工作中，具有便于观察水面情况和做前后、左右、上下方向移动的作用。,错误,正确,-,-,A,没有上下，只有前后和左右
44,判断题,国职游泳救生员初级,技能知识,踩水时，要划三次手吸一次气。,错误,正确,-,-,A,踩水时，要随着腿、臂动作的节奏自然呼吸。并没有要求三划一吸
45,判断题,国职游泳救生员初级,技能知识,在水中救助溺水者，可用于，托枕，托颌托双腋等多种方法用反蛙泳进行拖带运送。,错误,正确,-,-,B,托双腋、托颌、托枕都可用反蛙泳拖带
46,判断题,国职游泳救生员初级,技能知识,反蛙泳技术是各级救生员必须掌握的技术。,错误,正确,-,-,B,反蛙泳技术在游泳救生工作中起着重要作用
47,判断题,国职游泳救生员初级,技能知识,反蛙泳技术简单，实用性不强。,错误,正确,-,-,A,反蛙泳技术在游泳救生工作中起着重要作用。故必须掌握的技术，实用性强
48,判断题,国职游泳救生员初级,技能知识,反蛙泳是游泳救生工作中最常用并起着重要作用的技术动作。,错误,正确,-,-,B,反蛙泳技术在游泳救生工作中起着重要作用
49,判断题,国职游泳救生员初级,技能知识,反蛙泳身体仰卧水中，自然伸直。,错误,正确,-,-,B,反蛙泳的身体姿势
50,判断题,国职游泳救生员初级,技能知识,小明在反蛙泳时，身体俯卧水中，自然伸直，脸部露出水面。,错误,正确,-,-,A,身体仰卧水中，自然伸直，脸部露出水面。是仰卧
51,判断题,国职游泳救生员初级,技能知识,反蛙泳头部要露出水面。,错误,正确,-,-,A,不需头部露出来，应脸部露出水面
52,判断题,国职游泳救生员初级,技能知识,反蛙泳腿的动作类似蛙泳腿的动作，收腿蹬腿时膝关节应露出水面。,错误,正确,-,-,A,膝关节不能露出水面
53,判断题,国职游泳救生员初级,技能知识,反蛙泳腿的动作类似蛙泳腿的动作，但是由于身体仰卧水中，所以收腿、蹬腿时膝关节不能露出水面。,错误,正确,-,-,B,反蛙泳的腿部技术
54,判断题,国职游泳救生员初级,技能知识,反蛙泳腿动作技术与蛙泳腿技术类似。,错误,正确,-,-,B,反蛙泳的腿部技术
55,判断题,国职游泳救生员初级,技能知识,反蛙泳腿动作技术与蛙泳腿技术相同。,错误,正确,-,-,A,不是相同，是类似。（反蛙泳腿与蛙泳腿区别在于收腿时收髋较少，为了避免腿膝过多露出水面而导致臀部下沉，直接影响游进的速度，故两膝需分开较宽。）
56,判断题,国职游泳救生员初级,技能知识,反蛙泳腿收腿时，双膝边收边分，小腿向侧下方收腿。收腿结束时，两膝稍宽于肩，脚和小腿内侧向后方对准蹬水方向，大腿发力，使小腿和脚内侧向后方做蹬夹水动作。,错误,正确,-,-,B,反蛙泳的腿部技术
57,判断题,国职游泳救生员初级,技能知识,反蛙泳的手臂技术为两臂自然伸直经空中在肩前入水，然后屈臂高肘，掌心向后，手和前臂对准划水方向，用力在体侧划水。,错误,正确,-,-,B,反蛙泳的臂部技术
58,判断题,国职游泳救生员初级,技能知识,反蛙泳的完整配合技术有两种。一种是手划水与腿蹬夹水（移臂与收腿）同时进行，另一种是手划水和腿蹬夹水交替进行。,错误,正确,-,-,B,反蛙泳的臂部技术
59,判断题,国职游泳救生员初级,技能知识,反蛙泳的完整配合技术只有手划水和腿蹬夹水交替进行的一种技术。,错误,正确,-,-,A,反蛙泳的完整配合技术动作有两种：1是手划水和腿蹬夹手同时进行；2是手划水和腿蹬夹手交替进行。记忆：反蛙配合有两种，手腿同时，手腿交替
60,判断题,国职游泳救生员初级,技能知识,反蛙泳的完整配合技术只有手划水与腿蹬夹水同时进行。,错误,正确,-,-,A,反蛙泳的完整配合技术动作有两种：1是手划水和腿蹬夹手同时进行；2是手划水和腿蹬夹手交替进行。记忆：反蛙配合有两种，手腿同时，手腿交替
61,判断题,国职游泳救生员初级,技能知识,反蛙泳动作时的呼吸，两臂入水后稍闭气，两臂划水时用口鼻均匀地呼气，在移臂时用力吸气。,错误,正确,-,-,B,反蛙泳的臂部技术
62,判断题,国职游泳救生员初级,技能知识,每一次反蛙泳划臂动作结束后，两臂自然放松在空中向前移臂，做下一个动作。,错误,正确,-,-,A,反蛙泳划水结束后，两臂在体侧稍停顿。少了两臂停顿滑行
63,判断题,国职游泳救生员初级,技能知识,侧泳技术动作特点是自如省力。,错误,正确,-,-,B,自如省力
64,判断题,国职游泳救生员初级,技能知识,侧泳技术在水中救助中，具有能严紧地控制住溺水者而进行拖带的作用。,错误,正确,-,-,B,侧泳一般用夹胸拖带，夹胸具有严紧地控制溺水者
65,判断题,国职游泳救生员初级,技能知识,侧泳技术主要用于对溺水者的拖带。,错误,正确,-,-,B,侧泳主要用于拖带
66,判断题,国职游泳救生员初级,技能知识,侧泳技术主要用于，寻找接近溺水者。,错误,正确,-,-,A,拖带
67,判断题,国职游泳救生员初级,技能知识,侧泳时身体俯卧水中，稍向胸侧倾斜与水平面成10°~15°夹角，头的下半部没入水中，下面的臂向前伸，上面的臂置于体侧，在游进时绕身体的纵轴转动。,错误,正确,-,-,A,是侧卧，不是俯卧
68,判断题,国职游泳救生员初级,技能知识,侧泳时身体侧卧水中，稍向胸侧倾斜与水平面成10°~15°夹角，头的下半部没入水中。,错误,正确,-,-,B,侧泳的身体姿势
69,判断题,国职游泳救生员初级,技能知识,侧泳时下面的臂向前伸，上面的臂置于体侧，在游进时绕身体的纵轴转动。,错误,正确,-,-,B,侧泳的身体姿势
70,判断题,国职游泳救生员初级,技能知识,侧泳技术有手出水和手不出两种姿势。,错误,正确,-,-,B,侧泳技术分：手出水和手不出水；手出水侧泳比较常见一点
71,判断题,国职游泳救生员初级,技能知识,侧泳在救生工作中的作用不如反蛙泳重要。,错误,正确,-,-,A,侧泳和反蛙泳在救生工作中同等重要
72,判断题,国职游泳救生员初级,技能知识,侧泳腿的技术有两种，一种是两腿交替蹬水，另一种技术是两腿同时蹬夹水。,错误,正确,-,-,A,侧泳腿只有一种：收腿、翻脚和蹬剪朋个动作；踩水才是两腿交替蹬水和两腿同时蹬水；这2种
73,判断题,国职游泳救生员初级,技能知识,侧泳做收腿动作时，大腿与躯干成80°角，小腿与大腿成45°~60°。,错误,正确,-,-,A,大腿与躯干成90°角，不是80°角
74,判断题,国职游泳救生员初级,技能知识,蹬剪腿动作：上面的腿，以膝关节为支点发力，大腿带动小腿稍往前伸。,错误,正确,-,-,A,不是膝关节，而是髋关节为支点发力
75,判断题,国职游泳救生员初级,技能知识,侧泳的臂部技术为两臂交替划水，一臂在空中移臂称为上面臂，另一臂在水下移臂称为下面臂。上面臂划水动作与爬泳臂划水动作相似，不同的是上面的臂前移时，上体绕身体的横轴略有转动。,错误,正确,-,-,A,不是横轴，是纵轴
76,判断题,国职游泳救生员初级,技能知识,侧泳做翻脚动作时，下面的腿将脚尖蹦直，脚和小腿前面向后对准蹬水方向。,错误,正确,-,-,B,
77,判断题,国职游泳救生员初级,技能知识,侧泳时下面臂的动作分为：准备姿势、入水、划水和臂前移四个阶段。,错误,正确,-,-,A,是准备姿势、滑下、划水和臂前移。入水要换成滑下
78,判断题,国职游泳救生员初级,技能知识,侧泳的下面臂部动作分为：准备姿势、滑下、划水、臂前移4个阶段。,错误,正确,-,-,B,
79,判断题,国职游泳救生员初级,技能知识,侧泳下面臂的划水动作不是在肩下进行。,错误,正确,-,-,B,
80,判断题,国职游泳救生员初级,技能知识,侧泳下面臂的划水动作是在肩下进行。,错误,正确,-,-,A,不是在肩下进行，而是在靠近胸侧斜下方进行
81,判断题,国职游泳救生员初级,技能知识,侧泳的腿部技术动作包括收腿、翻脚和蹬剪腿3个动作。,错误,正确,-,-,B,侧泳腿部技术包括收腿、p15:翻脚和剪腿3个动作
82,判断题,国职游泳救生员初级,技能知识,侧泳翻脚动作，当完成收腿后，上面的腿勾脚掌，脚掌向后对准蹬水方向。下面的腿将脚尖绷直，脚和小腿正面向后对准蹬水方向。,错误,正确,-,-,B,
83,判断题,国职游泳救生员初级,技能知识,侧泳上面手臂划水的动作与爬泳划水动作相似，不同的是上面的臂前移时，绕身体的纵轴略有转动，这样使两肩连线与垂直线之间的角度增大到45°~50°。这个动作能使上面臂的入水点较远，从而增加了划水路线。,错误,正确,-,-,B,
84,判断题,国职游泳救生员初级,技能知识,侧泳臂动作的技术，两臂交替划水，一臂在空中移臂称为上面臂，另一臂在水下移臂称为下面臂。,错误,正确,-,-,B,
85,判断题,国职游泳救生员初级,技能知识,在侧泳的臂与呼吸配合中，上面臂开始划水时，快速呼气，臂划到腹下推水时转头吸气，移臂和入水时头还原并闭气。,错误,正确,-,-,A,是逐渐呼气
86,判断题,国职游泳救生员初级,技能知识,潜泳技术可分为潜远和潜深两种技术。,错误,正确,-,-,B,潜远和潜深
87,判断题,国职游泳救生员初级,技能知识,潜远技术主要有蛙式潜泳、蛙式长划臂潜泳和爬式潜泳。,错误,正确,-,-,B,蛙式潜泳、蛙式长划臂潜泳和爬式潜泳
88,判断题,国职游泳救生员初级,技能知识,潜泳技术主要用于寻找接近溺水者。,错误,正确,-,-,A,主要水下搜寻、救助溺水者；不是接近
89,判断题,国职游泳救生员初级,技能知识,人体在水中采用两腿朝下潜深法下潜时，当身体下潜到水底或预定的深度后，应立即团身，将头转向所需要的方向游进。,错误,正确,-,-,B,两腿朝下潜深法
90,判断题,国职游泳救生员初级,技能知识,潜深技术的入水方法包括头朝下潜法和腿朝下潜法。,错误,正确,-,-,B,头朝下和腿朝下
91,判断题,国职游泳救生员初级,技能知识,蛙式潜水：臂划水的幅度要比蛙泳臂划水的幅度小。,错误,正确,-,-,B,蛙式潜水：臂划水的幅度要比蛙泳臂划水的幅度小，收腿时屈髋较小
92,判断题,国职游泳救生员初级,技能知识,蛙式潜泳和蛙式长划臂式潜泳技术动作相同。,错误,正确,-,-,A,不相同，蛙式长划臂式划臂幅度要比蛙式潜泳臂划幅度大
93,判断题,国职游泳救生员初级,技能知识,潜泳潜深只有头先朝下潜深法。,错误,正确,-,-,A,还有两腿朝下潜深法
94,判断题,国职游泳救生员初级,技能知识,蛙式长划臂潜泳，臂划水时当手划至肩下方时，肘关节大约屈成90~100度角。,错误,正确,-,-,B,蛙式长划臂潜泳-臂部动作
95,判断题,国职游泳救生员初级,技能知识,蛙式长划臂潜远，腿蹬水向正后方，以免身体上浮。,错误,正确,-,-,B,
96,判断题,国职游泳救生员初级,技能知识,蛙式长划臂潜泳腿的动作和蛙泳腿动作相同。,错误,正确,-,-,A,不相同，蛙式长划臂收腿时髋关节屈得小，双膝分开也较小
97,判断题,国职游泳救生员初级,技能知识,蛙式长划臂式潜泳技术动作与蛙式潜泳区别只是臂部动作不同。,错误,正确,-,-,A,腿部也不同；总结一下：蛙式长划臂比蛙式潜泳对比：蛙式长划臂划水时幅度大，收腿时髋关节屈得小，双膝分开也小
98,判断题,国职游泳救生员初级,技能知识,爬式潜泳两臂向前伸直，手掌并拢，配合腿做划水动作。,错误,正确,-,-,A,爬式潜泳的动作是两臂向前伸直，手掌并拢，头在两臂之间，只用双腿做爬泳打水动作向前游进；没有划水动作，故错
99,判断题,国职游泳救生员初级,技能知识,爬式潜泳：这种潜远姿势是两臂向前伸直，手掌并拢，头在两臂之间，两腿做蛙泳蹬水动作向前游进。,错误,正确,-,-,A,爬泳腿打水，即是自由泳腿
100,判断题,国职游泳救生员初级,技能知识,抬头爬泳技术是全体救生员必须掌握的一门专项游泳救生技术。,错误,正确,-,-,B,抬头爬泳有助于救生员在接近溺水者时准确捕捉目标；而且速度快。是必须掌握救生基础技术
101,判断题,国职游泳救生员初级,技能知识,抬头爬泳适合于各种溺水情况的施救。,错误,正确,-,-,A,抬头爬泳是头部始终露在水面上的，溺水者下沉时候，需要潜泳了
102,判断题,国职游泳救生员初级,技能知识,抬头爬泳头部可以不露出水面。,错误,正确,-,-,A,头部始终露在水面上
103,判断题,国职游泳救生员初级,技能知识,抬头爬泳的腿部技术为两腿自然伸直，两脚稍向内扣，以增大打水面积，踝关节用力绷紧。,错误,正确,-,-,A,踝关节放松
104,判断题,国职游泳救生员初级,技能知识,抬头爬泳时打腿是推动身体前进的主要动力，抬头爬泳的腿部技术是以大腿带动小腿做鞭状打水动作。,错误,正确,-,-,A,主要动力是双手臂划水
105,判断题,国职游泳救生员初级,技能知识,抬头爬泳由于头部要露在水面上，手臂入水点就远些，划水路线也就长些。,错误,正确,-,-,A,抬头爬泳手臂由于头部露出水面，入水点要近些
106,判断题,国职游泳救生员初级,技能知识,抬头爬泳和爬泳最大区别在于，手入水点比爬泳近，划水路线比爬泳短。,错误,正确,-,-,B,
107,判断题,国职游泳救生员初级,技能知识,抬头爬泳手臂入水后肘部可以下沉。,错误,正确,-,-,A,保持高肘，肘部不能下沉
108,判断题,国职游泳救生员初级,技能知识,抬头爬泳的打腿主要是推进作用，划臂主要是起平衡身体作用。,错误,正确,-,-,A,划臂是推进作用，打腿是起到平衡作用
109,判断题,国职游泳救生员初级,技能知识,抬头爬泳身体姿势比爬泳身体姿势稍高。,错误,正确,-,-,B,抬头爬泳身体姿势
110,判断题,国职游泳救生员初级,技能知识,抬头爬泳技术是可以快速游进，无需看清目标，抬头爬泳是救生员常用的一种专项游泳技术。,错误,正确,-,-,A,需要一直注视目标
111,判断题,国职游泳救生员初级,技能知识,抬头爬泳要求肩部始终露在水面上。,错误,正确,-,-,A,主要是双眼始终在水面，方便锁定溺水者。是要求头，没有要求肩
112,判断题,国职游泳救生员初级,技能知识,抬头爬泳腿部打腿动作和划臂具有一样重要的推进作用。,错误,正确,-,-,A,抬头爬泳打腿能使身体保持较高的位置和较好流线型；划臂是推动身体前进的主要动力。是不一样的
113,判断题,国职游泳救生员初级,技能知识,抬头爬泳臂动作一般常采用“前交叉”配合技术游进。,错误,正确,-,-,B,两臂配合技术有“前交叉”“中交叉”和”后交又”之分。一般采用”前交叉“配合技术游进
114,判断题,国职游泳救生员初级,技能知识,抬头爬泳的完整配合技术由6次打腿，2次划臂1次呼吸组成。,错误,正确,-,-,B,抬头爬泳配合主要是腿与臂的配合，腿与臂配合比例是6次打腿、2次划臂，尽管抬头爬泳不需要考虑呼吸问题，但是呼吸要有节奏。故整体配合比例是6:2:1
115,判断题,国职游泳救生员初级,技能知识,抬头爬泳的两臂配合技术有“前交叉"“中交叉“和"后交叉"之分。一般采用“前交叉”配合技术游进。,错误,正确,-,-,B,
116,判断题,国职游泳救生员初级,基础常识,跟踪法是指在值岗时，游泳救生员对自己责任区内游泳技术不佳者应进行重点跟踪观察。,错误,正确,-,-,B,
117,判断题,国职游泳救生员初级,基础常识,观察是指救生员在值岗时，不间断地扫视环视自己所负责的责任区域、及时发现溺水事故的隐患和溺水者，防止造成溺水事故发生的一种专门的救生技术。,错误,正确,-,-,B,
118,判断题,国职游泳救生员初级,基础常识,环视法是救生员在值岗时，对自己负责区以某一点为终点，进行圆周、不断的观察。,错误,正确,-,-,A,环视法：在值岗时，救生员对自己的责任区以某一点为起点，进行圆周、不间断的观察；是起点不是终点；描述错误
119,判断题,国职游泳救生员初级,基础常识,环视法是指救生员对自己的责任区以某一点为起点中，进行圆周、不间断的观察。,错误,正确,-,-,B,
120,判断题,国职游泳救生员初级,基础常识,环视法是指游泳救生员在值岗时，游泳救生员对自己责任区的左、右、远、近进行直线、不间断的观察。,错误,正确,-,-,A,是以某一点为起点中，进行圆周、不间断的观察。概念错误，这里是扫视法
121,判断题,国职游泳救生员初级,基础常识,扫视法是指游泳救生员在值岗时，游泳救生员对整个泳池的左、右、远、近进行直线、不间断的观察。,错误,正确,-,-,A,是自己责任区，不是整个泳池；描述错误
122,判断题,国职游泳救生员初级,基础常识,扫视法是在值岗时，救生员对自己责任区的左右、远近进行直线，不间断的观察。,错误,正确,-,-,B,
123,判断题,国职游泳救生员初级,基础常识,救生员值岗期间，做到重点突出深水区和兼顾浅水区交叉观察，相互补漏，不留盲区和死角，确保游泳者的安全。,错误,正确,-,-,B,主次兼顾：做到重点突出（主责区）和兼顾其他（次责区），交叉观察，相互补漏，不留盲区和死角，确保游泳者的安全：
124,判断题,国职游泳救生员初级,基础常识,救生员在观察时应做到不同观察区域互相结合。,错误,正确,-,-,B,主次兼顾：做到重点突出（主责区）和兼顾其他（次责区），交又观察，相互补漏，不留盲区和死角，确保游泳者的安全；
125,判断题,国职游泳救生员初级,基础常识,救生员在值岗时对所有游泳者都需进行严密观察，不分主次。,错误,正确,-,-,A,分主次，对不同人群的观察；描述错误
126,判断题,国职游泳救生员初级,基础常识,观察时，应对主责区和次责区交叉观察，不留盲区和死角。,错误,正确,-,-,B,救生员在进行观察时，确实需要对主责区和次责区进行交叉观察，以确保不留盲区和死角，这是为了保证救援工作的全面性和准确性。
127,判断题,国职游泳救生员初级,基础常识,救生员在观察时，一定要不间断扫视自己的责任区域，以防溺水事故发生。,错误,正确,-,-,B,注意力高度集中
128,判断题,国职游泳救生员初级,基础常识,容易发生溺水事故的情况，如不小心从池边、岸边等处滑入水中或在水中滑倒后站不起来。,错误,正确,-,-,B,对容易发生事故点，进行重点观察
129,判断题,国职游泳救生员初级,基础常识,中小学专场时，救生员应按游泳人数配备。,错误,正确,-,-,A,中小学专场时，应增加中、浅水区域的观察岗位。故要增加人数，这里描述错误。
130,判断题,国职游泳救生员初级,基础常识,儿童游泳时要有成年人监护，老年人、体弱者和残障者要量力而行、特别是孕妇更要重视自我保护。,错误,正确,-,-,B,
131,判断题,国职游泳救生员初级,基础常识,游泳救生员在交接班时，接班游泳救生员应快速上岗，使交班游泳救生员尽快离岗。,错误,正确,-,-,A,当交接双方确认没有事故隐患之后。少了确保没有事故隐患
132,判断题,国职游泳救生员初级,基础常识,救生员在交接班时，接班救生员一边听取交班救生员的情况介绍，一边上岗接班。,错误,正确,-,-,A,当交接双方确认没有事故隐患之后。少了确保没有事故隐患！
133,判断题,国职游泳救生员初级,基础常识,在观察老年游泳群体时，应注意他们是否在水中嬉戏打闹。,错误,正确,-,-,A,青少年群体，才是水中嬉戏
134,判断题,国职游泳救生员初级,基础常识,不会游泳的溺水者发生溺水时常见的表现为面部表情呆滞。,错误,正确,-,-,A,面部表情：疲劳溺水者是焦虑；不会游泳溺水者是恐慌；受伤溺水者是痛苦；昏迷溺水者是呆滞；这里是恐慌
135,判断题,国职游泳救生员初级,基础常识,不会游泳者在溺水时，呼吸方面表现为没有呼吸。,错误,正确,-,-,A,呼吸方式：疲劳溺水者是间歇呼吸；不会游泳溺水者是争取呼吸；受伤溺水是间歇呼吸昏迷溺水者是没有呼吸；这这是应该是争取呼吸描述错误。
136,判断题,国职游泳救生员初级,基础常识,不会游泳者在溺水时身体姿态方面表现为身体呈垂直姿势。,错误,正确,-,-,B,记忆各溺者姿势：疲劳者是水平、不会游是垂直、受伤是倾斜、昏迷是俯卧
137,判断题,国职游泳救生员初级,基础常识,昏迷溺水者在溺水时身体姿态方面表现为身体呈水平姿势。,错误,正确,-,-,A,俯卧（水面、水中、池底）
138,判断题,国职游泳救生员初级,基础常识,昏迷溺水者在水中身体姿态，表现为俯卧状态。,错误,正确,-,-,B,俯卧（水面、水中、池底）
139,判断题,国职游泳救生员初级,基础常识,昏迷溺水者在水中表现为缓慢移动。,错误,正确,-,-,A,昏迷溺水者的溺水时移动能力表现为没有移动能力；
140,判断题,国职游泳救生员初级,基础常识,受伤溺水者在溺水时在移动能力方面表现为原位停滞。,错误,正确,-,-,B,受伤溺水者的溺水时移动能力表现为原位停滞；
141,判断题,国职游泳救生员初级,基础常识,疲劳游泳者溺水初期身体通常表现为垂直姿势,错误,正确,-,-,A,接近水平姿势，不是垂直姿势
142,判断题,国职游泳救生员初级,基础常识,不会游泳者溺水初期身体通常表现为垂直姿势。,错误,正确,-,-,B,
143,判断题,国职游泳救生员初级,基础常识,游泳者因受伤造成溺水时，在身体姿态方面表现为身体倾斜。,错误,正确,-,-,B,
144,判断题,国职游泳救生员初级,基础常识,游泳者因受伤造成溺水时，在移动能力方面表现为原位停滞。,错误,正确,-,-,B,
145,判断题,国职游泳救生员初级,基础常识,判断是指救生员在值岗时，对观察的情况做出的快速呼救。,错误,正确,-,-,A,不是快速呼救，是作出反应，施救得当。
146,判断题,国职游泳救生员初级,基础常识,游泳救生的判断是指游泳救生员在值岗时对观察的情况作出的反应。,错误,正确,-,-,B,
147,判断题,国职游泳救生员初级,基础常识,当在水中发现溺水者时，应首先采取问的方法，判断溺水者有无意识，溺水者在水中挣扎并发出求教的喊声，则溺水者尚存意识。,错误,正确,-,-,A,当在水中发现溺水者时，应首先采取看、听的方法，判断溺水者有无意识。如溺水者在水中挣扎并发出求救的喊声，则溺水者尚存意识：是看、听方法，不是问方法，故意错误。
148,判断题,国职游泳救生员初级,基础常识,当在水中发现溺水者时，应首先判决溺水者有无呼吸。,错误,正确,-,-,A,是先判断是否有无意识
149,判断题,国职游泳救生员初级,基础常识,对丧失意识溺水者可通过检查溺水者肢体了解其受伤的情况。,错误,正确,-,-,B,
150,判断题,国职游泳救生员初级,基础常识,对有意识的溺水者尽可能通过本人自述的方法了解受伤情况。,错误,正确,-,-,B,
151,判断题,国职游泳救生员初级,急救知识,检查溺水者有无自主呼吸应采取一听、二看、三感觉的方法。,错误,正确,-,-,B,在判断水者是否具有自主呼吸时，可以通过一听：听其是否有正常的呼吸声音，二看：看其是否有胸部的起伏，三感受：用手感受其颈部的脉动和呼吸来确认。
152,判断题,国职游泳救生员初级,急救知识,如溺水者在水中不能自主地支配肢体动作并缓慢下沉或已沉入池底，则溺水者已丧失了意识。,错误,正确,-,-,B,
153,判断题,国职游泳救生员初级,急救知识,针对丧失意识的溺水者应通过检查溺水者的肢体，了解其受伤情况。重点查看溺水者的手、脚是否受伤，是否发生外伤出血或肢体骨折。,错误,正确,-,-,A,重点查看溺水者颈椎、腰椎是否受伤
154,判断题,国职游泳救生员初级,急救知识,针对有意识的溺水者：通过倾听溺水者自述，了解其是否受伤。,错误,正确,-,-,B,
155,判断题,国职游泳救生员初级,急救知识,不会游泳的溺水者可能对救生员的指令没有任何反应。,错误,正确,-,-,B,
156,判断题,国职游泳救生员初级,急救知识,受伤的溺水者，对游泳救生员的指令可以明确作出反应。,错误,正确,-,-,A,受伤的溺水者在救生中溺水者的表现：指令反应为对指令的反应差，可能更多地关注受伤部位
157,判断题,国职游泳救生员初级,急救知识,游泳技能较差的溺水者可以依据游泳救生员的指示行动。,错误,正确,-,-,B,
158,判断题,国职游泳救生员初级,急救知识,泳技能差的游泳者在救生前能挥臂呼救。,错误,正确,-,-,B,
159,判断题,国职游泳救生员初级,急救知识,发生溺水时，无意识的溺水者可能漂在水底和水面之间的任何位置，脸部一定朝下。,错误,正确,-,-,A,脸部可能朝上，也可能朝下
160,判断题,国职游泳救生员初级,急救知识,游泳救生判断的正确与否，将直接关系到游泳救生员采用的救措施是否得当。,错误,正确,-,-,B,
161,判断题,国职游泳救生员初级,急救知识,游泳救生员应能够根据不同情况，作出迅速、果断、准确的判断。,错误,正确,-,-,B,
162,判断题,国职游泳救生员初级,急救知识,游泳救生员应能够根据判断的结果，采取及时、规范的救生技术。,错误,正确,-,-,B,
163,判断题,国职游泳救生员初级,管理规范,标准游泳场所观察区域划分的方法包括直线切割法、弧形切割法。,错误,正确,-,-,B,教材描述：标准游泳场所观察区域的划分：直线切割法，弧形切割法。
164,判断题,国职游泳救生员初级,管理规范,观察区域划分的原则为：便于救生员观察减少观察盲区和死角。,错误,正确,-,-,A,不是减少，是消除
165,判断题,国职游泳救生员初级,管理规范,救生员次责区不得超过250平方米。,错误,正确,-,-,A,次责任区是主责任区的1/2；主责任区是250平方米，故次责任区是125平方米
166,判断题,国职游泳救生员初级,管理规范,直线切割法中，对岸救生岗位主责区1/3的水域为次责区。,错误,正确,-,-,A,是1/2
167,判断题,国职游泳救生员初级,管理规范,直线切割法中，对岸救生岗位主责区1/2的水域为次责区。,错误,正确,-,-,B,
168,判断题,国职游泳救生员初级,管理规范,直线切割法中，对岸救生岗位主责区的水域为次责区。,错误,正确,-,-,A,主责任区1/2的水域为次责任区。
169,判断题,国职游泳救生员初级,管理规范,按水面积划分法是以每一救生岗位所负责的主、次责任区面积的总和来划分观察区域的方法。,错误,正确,-,-,B,按水面积划分法
170,判断题,国职游泳救生员初级,管理规范,不留盲区和死角划分法不能采用直线切割，弧形切割和重点布岗以及增加流动岗位等方法来划分观察区域。,错误,正确,-,-,A,可以采用
171,判断题,国职游泳救生员初级,管理规范,非标准游泳场所观察区域划分的方法包括直线切割法、弧形切割法和不留盲区和死角划分法。,错误,正确,-,-,A,非标准游泳场所观察区域的划分：1按水面积划分法 2不留盲区和死角划分法。直线切割法、弧形切割法是标准泳场所划分法。
172,判断题,国职游泳救生员初级,管理规范,每一救生岗位观察区域主责区的最大面积可达260平方米。,错误,正确,-,-,A,按水面划分法：主责任的最大面积控制在250m2之内
173,判断题,国职游泳救生员初级,管理规范,非标准场馆游泳场馆观察区域划分主责区的最大面积不得超过200平方米，可采用交叉布岗的方式划分观察区域，必须不留盲区，不留死角。,错误,正确,-,-,A,主责任的最大面积控制在250m2之内
174,判断题,国职游泳救生员初级,管理规范,弧形切割法是以每个救生岗位为圆心，以15m(小池)或25m(大池)为半径切割水域，即为各救生岗位的主责区。,错误,正确,-,-,A,小池半径是10m，大池半径是15米
175,判断题,国职游泳救生员初级,管理规范,施救者使用非标准的漂浮物或器材对溺水者施救，也要先确保自身安全，同时考虑到溺水者的安全。,错误,正确,-,-,B,游泳救生的间接赴救是指救生员在游泳池内使用救生器材（如救生杆、救生圈、救生浮标和其他器物），对清醒的、正在挣扎的水者经过准确判断、在保证自身安全的前提下，优先选择的一种赴救技术
176,判断题,国职游泳救生员初级,管理规范,救生圈是泳池常见救生器材，也是间接赴救必备器材之一。,错误,正确,-,-,B,救生圈作为泳池常见的救生设备，在水域救援中起到非常重要的作用，同时也是进行间接赴救时必备的器材之一.
177,判断题,国职游泳救生员初级,管理规范,在救生杆的前端固定一个15公分长的橡胶圆圈，便于溺水者抓握方便。,错误,正确,-,-,B,
178,判断题,国职游泳救生员初级,管理规范,游泳救生员发现溺水者正在岸边两米处挣扎，直接跳下水中将溺者救起要比使用救生杆方便的多。,错误,正确,-,-,A,溺水者在距离岸边2~3米，采用间接赴救，如救生杆
179,判断题,国职游泳救生员初级,管理规范,器材救生不利于溺水者抓、握、抱，难保安全。,错误,正确,-,-,A,器材救生是利于给溺水者抓、握、抱，保证安全；
180,判断题,国职游泳救生员初级,管理规范,救生圈在抛投时一定要准确到位，最好可以直接投在溺水者头上。,错误,正确,-,-,A,不能投在溺水者头，避免伤到溺水者
181,判断题,国职游泳救生员初级,管理规范,长毛巾、绳子、木棍和大可乐瓶等是在游泳池没有配备专业救生器材时，所可以间接利用救生器材。,错误,正确,-,-,B,其他救生器物的使用
182,判断题,国职游泳救生员初级,管理规范,在游泳池有人发生溺水时，由于情况危机救生员要利用一切可以使用得器物施救，如长毛巾、打水板、绳子、木棍、有浮力的物品等。,错误,正确,-,-,B,其他救生器物的使用
183,判断题,国职游泳救生员初级,管理规范,间接赴救方法有很多，但原则是施救者在岸上使用有效的救生器材或方法安全施救。,错误,正确,-,-,B,间接救助是指当人或动物落水无法自行上岸时，岸上施救者需要使用有效的救生器材或方法进行安全施救，确保落水者能够得到及时的救助。
184,判断题,国职游泳救生员初级,管理规范,手援施救是救生员徒手进行施救的一种复杂方法。,错误,正确,-,-,A,手援：溺水者距离岸边救生员手能够着救生员手把他拉起施救。应是简单
185,判断题,国职游泳救生员初级,管理规范,在施救时使用救生浮标可以起到增加浮力的作用，但不能起到保持稳定的作用。,错误,正确,-,-,A,可以保持稳定
186,判断题,国职游泳救生员初级,管理规范,救生员在距离游泳池边较远的地方发现溺水者，使用救生浮标进行施救是一种最快捷的好方法。,错误,正确,-,-,B,距离远，使用浮标直接赴救
187,判断题,国职游泳救生员初级,管理规范,直接赴救器材赴救和徒手赴救两种情况。,错误,正确,-,-,B,直接赴救技术可以分为器材赴救和徒手赴救两种情况
188,判断题,国职游泳救生员初级,管理规范,救生员对距离游泳池边较远，尚无意识的溺水者进行施救时，通常要使用间接救生技术。,错误,正确,-,-,A,在不能使用间接技术情况下，采取直接赴救。无意识的溺水者无法用间接赴救技术，无意识的溺水者无法抓、握、抱住救生器材，应用直接赴救技术才合理
189,判断题,国职游泳救生员初级,管理规范,入水、接近、解脱、拖带、肩背是直接赴救技术的组成。,错误,正确,-,-,A,直接赴救包括：入水、接近、解脱、拖带上岸、运送6项技术环节；肩背只是运送一种方式，应为运动，还少了上岸步骤
190,判断题,国职游泳救生员初级,管理规范,直接赴救包括：入水、接近、解脱、拖带上岸、运送6项技术环节，其中不同技术环节在实际赴救中可以变化顺序。,错误,正确,-,-,A,不可变化顺序
191,判断题,国职游泳救生员初级,管理规范,直接赴救包括：入水、接近、解脱、拖带、上岸5项技术环节。,错误,正确,-,-,A,少了运送，是6项
192,判断题,国职游泳救生员初级,管理规范,直接赴救包括：入水、接近、解脱、拖带上岸、运送6项技术环节。,错误,正确,-,-,B,
193,判断题,国职游泳救生员初级,管理规范,直接赴救技术中拖带技术只有徒手操作一种。,错误,正确,-,-,A,直接赴救还有浮标器材操作
194,判断题,国职游泳救生员初级,管理规范,浮标救生跨步式入水技术和蛙腿式入水技术的上肢技术动作类似，均是浮标浮体横置于胸前并经过腋下，手扶救生浮标中间下方，成“抱胸“姿势。,错误,正确,-,-,B,
195,判断题,国职游泳救生员初级,管理规范,游泳救生员应该根据溺水现场的实际情况选择最适宜的入水技术。,错误,正确,-,-,B,救生员要根据溺水者与岸边的距离、泳池水深和现场环境选择入水方式。
196,判断题,国职游泳救生员初级,管理规范,游泳救生入水技术分为：蛙腿式、跨步式、鱼跃式、直立式四种方式。,错误,正确,-,-,B,
197,判断题,国职游泳救生员初级,管理规范,采用跨步式入水技术，入水时两手手臂向前下方抱压水，同时双脚做蹬剪水动作。,错误,正确,-,-,B,
198,判断题,国职游泳救生员初级,管理规范,采用跨步式入水时，要目视溺水者，一脚前跨，另一脚脚趾紧扣池边，并用力蹬地，在空中两腿一前一后呈弓步型。,错误,正确,-,-,B,
199,判断题,国职游泳救生员初级,管理规范,采用蛙腿式入水时，需要时刻目视溺水者。,错误,正确,-,-,B,
200,判断题,国职游泳救生员初级,管理规范,采用鱼跃浅跳式入水时，要保持游泳救生员头始终在水面上，眼睛始终不离赴救目标。,错误,正确,-,-,A,应跨步或蛙步，鱼跃无法始终保持在水面。鱼跃式入水后，应迅速出水
201,判断题,国职游泳救生员初级,管理规范,当游泳救生员距离溺水者较远时，可采用鱼跃浅跳式入水。,错误,正确,-,-,B,
202,判断题,国职游泳救生员初级,管理规范,跨步式入水瞬间，双足及双手同时用力向后划水，以保持身体露出水面，便于观察溺水者情况。,错误,正确,-,-,A,手臂向下抱压水，两脚做蹬剪水动作
203,判断题,国职游泳救生员初级,管理规范,蛙腿式入水后，头露出水面后，应迅速捕捉溺水者的目标。,错误,正确,-,-,A,蛙腿式入水头部始终在水上，这个描述是鱼跃式。
204,判断题,国职游泳救生员初级,管理规范,跨步式入水后，头露出水面后，应迅速扑捉溺者的目标。,错误,正确,-,-,A,跨步式应头部始终在水上，这个描述是鱼跃式。
205,判断题,国职游泳救生员初级,管理规范,蛙腿式入水与跨步式入水的适用范围不同。,错误,正确,-,-,A,蛙腿式入水与跨步式入水的适用范围相同。
206,判断题,国职游泳救生员初级,管理规范,游泳池专用入水技术分为跨步式、蛙腿式、鱼跃式、抱膝式等。,错误,正确,-,-,A,没有抱膝式，应是直立式
207,判断题,国职游泳救生员初级,管理规范,在采用入水技术时，救生员的双足和双手同时用力向下压，以保持手臂露出水面。,错误,正确,-,-,A,不是手臂露出水面，是头部露出水面，方便锁定目标
208,判断题,国职游泳救生员初级,管理规范,跨步式入水时技术为两腿作跨步式的前后分开，身体稍向后倾，使重心落在身体后方入水。,错误,正确,-,-,A,身体稍向前倾，使重心落在身体前方入水
209,判断题,国职游泳救生员初级,管理规范,救生员距离溺水者较远时，可采用蛙腿式入水。,错误,正确,-,-,A,用鱼跃式
210,判断题,国职游泳救生员初级,管理规范,采用直立式入水，入水后应双手及时向下压水，两脚做蹬夹水动作，力求尽快上浮，捕捉施救目标。,错误,正确,-,-,B,
211,判断题,国职游泳救生员初级,管理规范,当游泳救生员处在较高的观察台上，游泳救生员明确水池有足够深度的时候，仅应采用鱼跃浅跳式入水技术。,错误,正确,-,-,A,可直立式
212,判断题,国职游泳救生员初级,管理规范,鱼跃浅跳入水后，要在水中滑行一定的距离后，方可头露出水面。,错误,正确,-,-,A,入水要浅，头部尽快出水，锁定赴救目标
213,判断题,国职游泳救生员初级,管理规范,在浮标救生中，蛙腿式入水和鱼跃式入水在接近溺水者急停距离不一致。,错误,正确,-,-,A,在接近溺水者急停观察距离一致
214,判断题,国职游泳救生员初级,技能知识,侧面接近时，救生员靠近溺水者看准并果断，利索地用同侧手抓握住挣扎中的溺水者近侧手腕部。,错误,正确,-,-,B,同侧手抓住溺水者近侧手
215,判断题,国职游泳救生员初级,技能知识,侧面接近时，救生员用右手抓住溺水者近侧手腕部，将溺水者拉向救生员的胸前。,错误,正确,-,-,A,不是右手，是同侧手
216,判断题,国职游泳救生员初级,技能知识,侧面接近和背面接近均是距离溺水者2-3米处急停。,错误,正确,-,-,A,背面是1~2米急停
217,判断题,国职游泳救生员初级,技能知识,接近是指救生员采用入水动作靠近溺水者一项专门技术。,错误,正确,-,-,A,少了有效控制溺水者
218,判断题,国职游泳救生员初级,技能知识,接近是指游泳救生员及时靠近并有效控制溺水者的一项专门技术。,错误,正确,-,-,B,
219,判断题,国职游泳救生员初级,技能知识,溺水者尚未下沉，两手在水面上挥舞挣扎时，应采用正面接近技术。,错误,正确,-,-,A,应采用侧面
220,判断题,国职游泳救生员初级,技能知识,若游泳救生员采用徒手赴救中背面接近技术，那么在距离溺水者2~3米处需要急停。,错误,正确,-,-,A,背面接近，急停观察距离是1~2米处
221,判断题,国职游泳救生员初级,技能知识,在一般的情况下，救生员应尽可能地采用背面接近溺者，保护自身安全。,错误,正确,-,-,B,背面接近是最安全，故正确
222,判断题,国职游泳救生员初级,技能知识,在施救时尽可能靠近溺水者，便于成功救起。,错误,正确,-,-,A,接近时都有观察距离，正面和侧面是3米，背面是1.5米。故错
223,判断题,国职游泳救生员初级,技能知识,救生员接近溺者成功后一定要控制住溺者。,错误,正确,-,-,B,在救生过程中，当救生员成功接近溺者后，确实需要迅速而有效地控制溺者，以防止其继续挣扎或移动，从而导致进一步的危险。控制溺者可以确保救生员能够稳定地进行后续救援作，如将其带至安全区域或进行必要的急救措施。
224,判断题,国职游泳救生员初级,技能知识,在正面接近溺水者时，游泳救生员入水后游至离溺水者3m左右急停，下潜至溺水者髋部以下，将其旋转180°。,错误,正确,-,-,B,
225,判断题,国职游泳救生员初级,技能知识,正面接近是救生员入水后，游至溺水者1米处左右急停，下潜至溺水者腰部以下，接下一技术进行施救。,错误,正确,-,-,A,正面接近，急停观察距离不是1米，而是3米
226,判断题,国职游泳救生员初级,技能知识,采用沉底救生技术，游泳救生员在接近时可直接下潜至溺水者身旁，双手托腋，脚蹬池底，将溺水者带到水面。,错误,正确,-,-,B,沉底救生技术
227,判断题,国职游泳救生员初级,技能知识,接近时救生员可以直接潜入池底，双手托住溺水者的头部，脚蹬池底，将溺水者拖出水面。,错误,正确,-,-,A,沉底救生技术：不是托头部，是托双腋
228,判断题,国职游泳救生员初级,技能知识,如果溺水者沉底，游泳救生员靠近溺水者背后，用救生浮标将溺水者托起至水面，使溺水者口鼻朝上。,错误,正确,-,-,A,沉底了，不需要救生浮标
229,判断题,国职游泳救生员初级,技能知识,在接近溺水者时，要尽量避免正面接触，从背面或侧面接近是最佳选择方法。,错误,正确,-,-,B,避免正面，从背面或侧面最佳
230,判断题,国职游泳救生员初级,技能知识,接近时，应采用速度较快的蛙泳，以便观察溺水者。,错误,正确,-,-,A,抬头爬泳才是最快
231,判断题,国职游泳救生员初级,技能知识,游泳救生员如采用蛙腿式入水，入水后采用蛙泳以最快速度游向溺水者，距离溺水者1~2m位置时急停。,错误,正确,-,-,A,采用抬头爬泳
232,判断题,国职游泳救生员初级,技能知识,在接近溺水者时，要尽量避免与溺水者背面接触。,错误,正确,-,-,A,是尽量避免正面接触
233,判断题,国职游泳救生员初级,技能知识,单手(臂)被同侧手抓握包括：游泳救生员右手被溺水者的右手抓住，及游泳救生员右手被溺水者的左手抓住等情况。,错误,正确,-,-,A,同侧手：救生员与溺水者面对面，救生员右手被溺水者左手抓，或救生员左手被溺水者右手抓。上面描述是异侧手
234,判断题,国职游泳救生员初级,技能知识,当救生员右手被溺水者的右手抓住时应采用“转腕法”。,错误,正确,-,-,B,单手被异侧手被抓，采用转腕法，正确
235,判断题,国职游泳救生员初级,技能知识,当救生员右手被溺水者的左手抓住时应采用“推击法”。,错误,正确,-,-,B,单手被异侧手被抓，采用转腕法，正确
236,判断题,国职游泳救生员初级,技能知识,当救生员右手被溺水者的左手抓住时应采用“转腕法”。,错误,正确,-,-,A,是同侧手被抓，应采用“推击法”
237,判断题,国职游泳救生员初级,技能知识,当救生员左手被溺水者的左手抓住时应采用“推击法”。,错误,正确,-,-,A,是异侧手被抓，应从用“转腕法”
238,判断题,国职游泳救生员初级,技能知识,救生员单手前臂被溺水者抓住时常用扳手指法解脱。,错误,正确,-,-,A,转腕或推击
239,判断题,国职游泳救生员初级,技能知识,救生员用单手虎口推击溺水者手腕部时，撞击时要迅速、有力。,错误,正确,-,-,B,
240,判断题,国职游泳救生员初级,技能知识,溺水者抓抱游泳救生员部位情况的不同，游泳救生员解脱的方法也各有区别。,错误,正确,-,-,B,
241,判断题,国职游泳救生员初级,技能知识,转腕解脱法，适用于单手(臂)被同侧手抓握的情况。,错误,正确,-,-,A,单手被异侧手抓情况
242,判断题,国职游泳救生员初级,技能知识,转腕解脱法，适用于游泳救生员左手被溺水者的右手抓住的情况。,错误,正确,-,-,A,是异侧手，救生员左手、溺水者左手
243,判断题,国职游泳救生员初级,技能知识,转腕解脱法，适用于游泳救生员右手被溺水者的左手抓住的情况。,错误,正确,-,-,A,是异侧手，救生员左手、溺水者左手
244,判断题,国职游泳救生员初级,技能知识,转腕解脱法中，当游泳救生员右手被溺水者的右手抓住时，被抓的右手上提、转腕外翻下压，抓住溺水者的右手腕部向右拉出后使溺水者背部贴近救生员前胸，有效控制后实施拖带。,错误,正确,-,-,B,
245,判断题,国职游泳救生员初级,技能知识,单手(臂)被双手抓握解脱技术分同侧手在上解脱法及异侧手在上解脱法。,错误,正确,-,-,B,单手被双手抓分2种情况：同侧手在上，异侧手在上
246,判断题,国职游泳救生员初级,技能知识,推击解脱法，适用于单手(臂)被同侧手抓握的情况。,错误,正确,-,-,B,
247,判断题,国职游泳救生员初级,技能知识,推击解脱法，适用于单手(臂)被异侧手抓握的情况。,错误,正确,-,-,A,是同侧手
248,判断题,国职游泳救生员初级,技能知识,游泳救生员的右臂被溺水者左手在上，右手在下双手抓握，是异侧手在上。,错误,正确,-,-,A,是同侧手在上
249,判断题,国职游泳救生员初级,技能知识,当游泳救生员双手同时被溺水者抓握时，可采用“上推双肘法“进行解脱。,错误,正确,-,-,A,是“转腕法”解脱
250,判断题,国职游泳救生员初级,技能知识,当游泳救生员双手同时被溺水者抓握时，可采用“转腕法”进行解脱。,错误,正确,-,-,B,
251,判断题,国职游泳救生员初级,技能知识,双手同时被抓握，用转腕法解脱双手并抓握溺水者手腕后，放开左侧手臂，同时抓持溺水者右侧手臂，向游泳救生员右侧方向拉转溺水者。,错误,正确,-,-,B,
252,判断题,国职游泳救生员初级,技能知识,双手同时被抓握采用转腕法进行解脱，救生员首先应迅速将溺水者双臂下压。,错误,正确,-,-,A,是先上提
253,判断题,国职游泳救生员初级,技能知识,“抓发”解脱后，应及时将溺水者转体至背贴救生员前胸，夹胸控制住。,错误,正确,-,-,B,将溺水者转体至背部贴近救生员前胸，有效控制后实施拖带。这里夹胸正确，也可以双手托腋
254,判断题,国职游泳救生员初级,技能知识,压掌推肘解脱法：溺水者右手抓游泳救生员头发，游泳救生员右手压住溺水者抓发手的手臂。,错误,正确,-,-,A,压掌推肘解脱法：以溺水者右手抓救生员头发为例：救生员右手压住溺水者抓发手的手腕，低头前顶，左手推击溺水者肘部（做反关节动作），使其抓发手松开。这里描述是手臂错误，应该是手腕。
255,判断题,国职游泳救生员初级,技能知识,抓发解脱后，应及时将溺水者转体至背贴救生员前胸，夹胸控制住。,错误,正确,-,-,B,
256,判断题,国职游泳救生员初级,技能知识,头发被溺水者右手抓握，游泳救生员左手压住抓发手臂，低头前顶。,错误,正确,-,-,A,不是手臂，是手腕
257,判断题,国职游泳救生员初级,技能知识,当救生员头发被溺水者右手抓握，救生员左手压住抓发手腕，低头前顶，右手插入手指，掰推溺水者抓发手指。,错误,正确,-,-,B,压腕掰指解脱法
258,判断题,国职游泳救生员初级,技能知识,当溺水者从背面抱紧救生员颈部时，应采用压腕上推单肘解脱法。,错误,正确,-,-,B,
259,判断题,国职游泳救生员初级,技能知识,颈部被抱持的解脱方法是转腕法。,错误,正确,-,-,A,压腕上推单肘和上推双肘
260,判断题,国职游泳救生员初级,技能知识,颈部于正面被抱时常用的解脱方法是上推双肘法。,错误,正确,-,-,B,当溺水者正面抱持救生员颈部时应采用上推双肘解脱法。
261,判断题,国职游泳救生员初级,技能知识,当溺水者从背面抱紧救生员腰部时，应采用压腕上推单肘解脱法,错误,正确,-,-,A,背面抱腰，采用弓身抽手扳指法
262,判断题,国职游泳救生员初级,技能知识,弓身抽手扳指法中，弓身、抽手、扳指、两臂上举后，游泳救生员下蹲，放开溺水者一只手，撤移至其前面。,错误,正确,-,-,A,撤移至其后面
263,判断题,国职游泳救生员初级,技能知识,弓身抽手扳指法中，弓身、抽手、扳指后游泳救生员下蹲，放开溺水者一只手，撤移至其背后，使溺水者背部贴近游泳救生员前胸。,错误,正确,-,-,B,
264,判断题,国职游泳救生员初级,技能知识,夹鼻推颌解脱法中，最后应将溺水者转体至正面贴近游泳救生员前胸，有效控制后实施拖带。,错误,正确,-,-,A,是背面，不是正面
265,判断题,国职游泳救生员初级,技能知识,夹鼻推颌解脱法中，夹鼻、推颌后，另一只手抱溺水者腰部，并用力向自己方向压，迫使溺水者松开双手。,错误,正确,-,-,B,
266,判断题,国职游泳救生员初级,技能知识,救生员腰部正面被抱持后，救生员应采用扳手指方法解脱。,错误,正确,-,-,A,夹鼻推颌
267,判断题,国职游泳救生员初级,技能知识,腰部被抱持是指双臂肘部关节以下和躯干同时被溺水者抱持。,错误,正确,-,-,B,
268,判断题,国职游泳救生员初级,技能知识,腰部被背面抱持，一般采用夹鼻推颌法解脱。,错误,正确,-,-,A,弓身抽手扳指
269,判断题,国职游泳救生员初级,技能知识,腰部被正面抱持，一般采用弓身抽手扳指法解脱。,错误,正确,-,-,A,夹鼻推颌法
270,判断题,国职游泳救生员初级,技能知识,救生员在施救时，腰部背面被溺水者抱持时，应采用夹鼻推颌法解脱。,错误,正确,-,-,A,腰部背面被抱持，用弓身抽手扳指解脱法
271,判断题,国职游泳救生员初级,技能知识,救生员在施救时，腰部背面被溺水者抱持时，应采用转腕法解脱。,错误,正确,-,-,A,腰部背面被抱持，用弓身抽手扳指解脱法
272,判断题,国职游泳救生员初级,技能知识,当游泳救生员双腿被溺水者抱持时，可采用夹鼻推颌解脱法。,错误,正确,-,-,B,
273,判断题,国职游泳救生员初级,技能知识,当游泳救生员双腿被溺水者抱持时，首先要低头分清溺水者脸部的朝向。,错误,正确,-,-,B,
274,判断题,国职游泳救生员初级,技能知识,救生员在进行双人解脱时，应先确认两个人中谁是溺水者，再进行解脱。,错误,正确,-,-,B,
275,判断题,国职游泳救生员初级,技能知识,托腋蹬离解脱法在解脱前，游泳救生员需认清抱持的两个人中堆是溺水者。,错误,正确,-,-,B,
276,判断题,国职游泳救生员初级,技能知识,在进行双人解脱时，应先确认谁是溺水者再进行解脱,错误,正确,-,-,B,
277,判断题,国职游泳救生员初级,技能知识,双人抱持解脱可采用夹胸蹬离解脱法和压腕上推单肘解脱法。,错误,正确,-,-,B,一个是托腋蹬离解脱法，不是压腕上推单肘解脱法
278,判断题,国职游泳救生员初级,技能知识,双人抱持解脱可采用压腕上推单肘解脱法和上推双肘解脱法。,错误,正确,-,-,A,是夹胸蹬离解脱和托腋蹬离解脱法
279,判断题,国职游泳救生员初级,技能知识,双人抱持在解脱前，救生员需认清抱持的两人中谁是溺水者。,错误,正确,-,-,B,
280,判断题,国职游泳救生员初级,技能知识,当游泳救生员双腿被溺水者抱持时，可采用弓身抽手扳指解脱法进行解脱。,错误,正确,-,-,A,采用夹鼻推颌
281,判断题,国职游泳救生员初级,技能知识,解脱后，应及时、有效的控制溺水者，以便拖带，,错误,正确,-,-,B,
282,判断题,国职游泳救生员初级,技能知识,托腋蹬离解脱法，游泳救生员双手插人溺水者的两腋下，用力将被抱持人蹬离解脱。,错误,正确,-,-,A,用柔力
283,判断题,国职游泳救生员初级,技能知识,对于昏迷的溺水者，游泳救生员借助浮标的浮力将溺水者拖带到岸边。拖带时游泳救生员将救生浮标置于自己胸前并穿过腋下，自己手肘处于溺水者腋下位置。,错误,正确,-,-,B,
284,判断题,国职游泳救生员初级,技能知识,侧泳或反蛙泳技术常用于托枕拖带。,错误,正确,-,-,B,
285,判断题,国职游泳救生员初级,技能知识,对精神紧张的溺水者，使用侧泳技术采用夹胸的方法，能严紧地控制溺水者。,错误,正确,-,-,B,对于精神紧张的溺水者，使用侧泳技术并采用夹胸的方法确实是一种有效的救援手段。这种技术有助于救援者更好地控制溺水者，减少溺水者的挣扎和反抗，从而保障救援过程的顺利进行。
286,判断题,国职游泳救生员初级,技能知识,夹胸拖带技术较适用于身材矮小的救生员拖带溺水者。,错误,正确,-,-,A,身材高大
287,判断题,国职游泳救生员初级,技能知识,夹胸拖带时，应采用蛙泳腿或侧泳腿以保证拖带的成功。,错误,正确,-,-,B,在进行夹胸拖带时，确实需要采用特定的腿部动作来保持平衡和推进，以确保拖带的成功。蛙泳腿和侧泳腿都是有效的腿部动作，可以提供必要的推进力和稳定性，有助于拖带者更好地控制方向和速度。
288,判断题,国职游泳救生员初级,技能知识,夹胸拖带时，救生员手臂着力点应在溺水者头和额下部位上。,错误,正确,-,-,A,应在上胸和腋下部位
289,判断题,国职游泳救生员初级,技能知识,夹胸拖带时，救生员手臂着力点应在溺者身上胸和腋下部位上。,错误,正确,-,-,B,
290,判断题,国职游泳救生员初级,技能知识,溺水者如颈部受伤不适用托枕拖带技术。,错误,正确,-,-,B,
291,判断题,国职游泳救生员初级,技能知识,双人拖带技术，两名游泳救生员用反蛙泳技术游进。,错误,正确,-,-,A,是侧泳，两个人如同时反蛙泳，腿脚会碰到一起
292,判断题,国职游泳救生员初级,技能知识,双人拖带技术适用反蛙泳技术游进。,错误,正确,-,-,A,是侧泳
293,判断题,国职游泳救生员初级,技能知识,托颌拖带技术用侧泳技术游进。,错误,正确,-,-,A,是反蛙泳
294,判断题,国职游泳救生员初级,技能知识,托双腋拖带技术比较省力，在救助溺水者过程中易于施救溺水者。,错误,正确,-,-,A,易于控制溺水者
295,判断题,国职游泳救生员初级,技能知识,托腋拖带技术用侧泳技术进行拖带，,错误,正确,-,-,A,托腋是反蛙泳
296,判断题,国职游泳救生员初级,技能知识,托枕拖带技术适用于疑似颈部受伤者。,错误,正确,-,-,A,不适用疑似颈部受伤者
297,判断题,国职游泳救生员初级,技能知识,拖带是救生员采用侧泳、潜水技术将溺水者拖带到岸边的一种技术。,错误,正确,-,-,A,不是潜泳，是反蛙泳
298,判断题,国职游泳救生员初级,技能知识,拖带是指救生员采用侧泳、反蛙泳等各种不同技术，将溺水者拖带到池边的一种技术。,错误,正确,-,-,B,
299,判断题,国职游泳救生员初级,技能知识,右臂夹胸拖带技术中，在运送过程中，游泳救生员可用右腿顶住溺水者的腰背部，使溺水者保持水平位置，便使于拖带。,错误,正确,-,-,A,是用髋部，不是腿部
300,判断题,国职游泳救生员初级,技能知识,拖带过程中，要始终保持溺水者的头部露出水面。,错误,正确,-,-,A,是口鼻露出水面，不是头部
301,判断题,国职游泳救生员初级,技能知识,拖带时应使溺水者的口鼻保持在水面上，以保证溺水者的呼吸。,错误,正确,-,-,B,
302,判断题,国职游泳救生员初级,技能知识,岸上游泳救生员首先将溺水者拉至泳池边安全地方，然后游泳救生员手护头一手抱腿将溺水者原地旋转90°，先放腿后护头将溺水者放至俯卧位。,错误,正确,-,-,A,不是俯卧，是仰卧
303,判断题,国职游泳救生员初级,技能知识,单人上岸技术，最后先放腿后护头让溺水者呈俯卧姿势。,错误,正确,-,-,A,是仰卧
304,判断题,国职游泳救生员初级,技能知识,上岸是指救生员将溺水者从水中送上池岸的一种救助技术。,错误,正确,-,-,B,
305,判断题,国职游泳救生员初级,技能知识,上岸的目的是要尽快地将溺者送到岸上进一步抢救。,错误,正确,-,-,B,
306,判断题,国职游泳救生员初级,技能知识,上岸是指救生员将器材从水中送上池岸的一种救助技术。,错误,正确,-,-,A,不是器材，而是溺水者
307,判断题,国职游泳救生员初级,技能知识,在赴救技术中，双人上岸技术要比单人上岸技术更具有优势。,错误,正确,-,-,B,双人上岸优于单人上岸
308,判断题,国职游泳救生员初级,技能知识,水中救生员将溺水者双臂递给岸上救生员此时岸上救生员要用交叉手方式分别接过溺水者手臂，并将其转体180°，然后将溺水者提拉上岸。,错误,正确,-,-,A,不是直接递给双手。是一只一只递给
309,判断题,国职游泳救生员初级,技能知识,由于泳池的建筑结构和溺水者的受伤情况不同，上岸主要采用单人和双人两种上岸技术。,错误,正确,-,-,B,
310,判断题,国职游泳救生员初级,技能知识,在游泳池的深水区，将溺水者拖带到池边时，可采用单人上岸技术。,错误,正确,-,-,B,
311,判断题,国职游泳救生员初级,技能知识,在游泳池的深水区，将溺水者拖带到池边可采用肩扛上岸技术。,错误,正确,-,-,A,上岸分单人和双人，没有肩扛上岸。肩扛是运送技术一种。
312,判断题,国职游泳救生员初级,技能知识,溺水者放置俯卧位即头颈部与躯干保持一线，头部不能高于心脏的位置，双手置于躯干两侧。,错误,正确,-,-,A,仰卧；在上岸之后摆放体位中，溺水者应当仰卧
313,判断题,国职游泳救生员初级,技能知识,单人上岸技术，将溺水者拖带至池边，先用一手抓池边固定再将溺水者移至池边。,错误,正确,-,-,B,
314,判断题,国职游泳救生员初级,技能知识,在确定溺水者无脊柱受伤的情况下，肩背运送是一项比较实用的运送技术方法。,错误,正确,-,-,B,
315,判断题,国职游泳救生员初级,技能知识,在确定溺水者有外伤的情况下，肩背运送是一项比较实用的运送技术方法。,错误,正确,-,-,A,有外伤，应上担架
316,判断题,国职游泳救生员初级,技能知识,如果发现脊柱受伤时，可以用肩背拖送的方法进行救护。,错误,正确,-,-,A,肩背拖送的方法会直接加重伤者的脊柱损伤，因此错误。正确的方法应该是使用滚动法或者木板搬运法进行救护。
317,判断题,国职游泳救生员初级,技能知识,肩背是唯一的运送方法。,错误,正确,-,-,A,还可利用担架、木板等工具也可运送溺水者。
318,判断题,国职游泳救生员初级,急救知识,低氧血症及其产生的酸中毒可能会导致心搏骤停和中枢神经系统缺血，甚至会导致溺水者死亡。,错误,正确,-,-,B,
319,判断题,国职游泳救生员初级,基础常识,能加强社会安全宣传教育则可以避免或减少溺水事故的发生。,错误,正确,-,-,B,若能加强社会安全宣传教育，提高游泳者自我防范意识，完善游泳场所管理制度，增强救生员职业道德教育与技术培训，则可以避免或减少溺水事故的发生。提高四个因素之一则能避免或减少溺水事故发生。
320,判断题,国职游泳救生员初级,基础常识,游泳安全与否是由游泳者技术与体能因素决定。,错误,正确,-,-,A,游泳安全需要多方共同努力，不仅仅依赖于游泳者个人的因素。还需要环境因素、安全设施、救生人员等多个方面
321,判断题,国职游泳救生员初级,急救知识,窒息导致缺氧形成低氧血症是溺死的主要原因。,错误,正确,-,-,B,
322,判断题,国职游泳救生员初级,急救知识,溺水者会本能地挣扎求助，呼救时可能发生误吸，溺水会刺激人体过度通气，溺水者会主动闭气，这不会导致喉痉挛，但这一系列的改变会导致低氧血症。,错误,正确,-,-,A,会出现不同程度的喉痉挛
323,判断题,国职游泳救生员初级,急救知识,溺水是一种特殊性急性呼吸衰竭。,错误,正确,-,-,B,
324,判断题,国职游泳救生员初级,急救知识,人在溺水时，肺部或胃部都充满了水，无法进行呼吸导致缺氧而死亡。,错误,正确,-,-,A,肺是通气功能，胃不是
325,判断题,国职游泳救生员初级,急救知识,肺内没有水或少量水，过度紧张、恐惧、主动屏气使喉和气管痉挛称之湿溺。,错误,正确,-,-,A,是有大量水
326,判断题,国职游泳救生员初级,急救知识,肺内有大量的水或异物，肌肉松驰，舌肌和会厌松弛后坠，阻塞咽部称之湿溺。,错误,正确,-,-,B,肺内有大量水或异物，肌肉松弛，舌肌和会厌松弛后坠，阻塞咽部，并称之为“湿溺”。湿溺是指溺水时，水被吸入肺内，导致呼吸道和肺泡内充满大量液体，妨碍呼吸。在这种情况下，由于水或其他异物在肺内的存在，可能导致呼吸功能严重受损。同时，溺水时，由于身体的应激反应和可能的体力耗尽，肌肉可能会出现松弛状态，包括舌肌和会厌。舌肌和会厌的松弛可能导致其后坠，从而阻塞咽部，进一步加重呼吸道的阻塞。
327,判断题,国职游泳救生员初级,急救知识,现场急救的原则之一是先轻伤后重伤，先救伤后救命。,错误,正确,-,-,A,基本原则：现场急救原则第4条：先重伤后轻伤，先救命后救伤
328,判断题,国职游泳救生员初级,急救知识,"现场急救的原则:@使溺水者尽快脱离水域;②先复苏后固定③先止血后包扎;④先重伤后轻伤,先救命后救伤;⑤先救治后运送⑥急救与呼救并重;⑦加强途中监护与救治。",错误,正确,-,-,B,基本原则
329,判断题,国职游泳救生员初级,急救知识,现场急救的目的就是抢救生命，提高生存率，降低伤残率。,错误,正确,-,-,B,现场急救的目的是抢救生命，提高生存率；减轻病痛，防止病情恶化，降低伤残率
330,判断题,国职游泳救生员初级,急救知识,脑组织的耗氧占全身氧量的5%。,错误,正确,-,-,A,应是20%
331,判断题,国职游泳救生员初级,急救知识,溺水者心搏、呼吸突然停止时的临床表现之一颈动脉搏动消失，心音消失。,错误,正确,-,-,B,溺水者心搏骤停的临床表现：1.溺水者意识丧失，呼之不应；2.呼吸停止或仅有濒死呼吸；3.大动脉搏动消失，心音消失；4.瞳孔散大、固定；5.皮肤苍白或紫绀；正确
332,判断题,国职游泳救生员初级,急救知识,溺水者心搏骤停的临床表现包括呼吸停止或仅有濒死呼吸等。,错误,正确,-,-,B,溺水者心搏骡停的临床表现：1.水者意识丧失，呼之不应；2.呼吸停止或仅有濒死呼吸；3.大动脉搏动消失，心音消失；4.瞳孔散大、固定；5.皮肤苍白或紫绀；正确
333,判断题,国职游泳救生员初级,急救知识,轻度溺水者会出现两肺有弥漫性湿性音，心音弱或心律不齐。,错误,正确,-,-,A,这是重度溺水
334,判断题,国职游泳救生员初级,急救知识,重度溺水者会出现两肺有弥漫性湿性哆音，心音弱或心律不齐。,错误,正确,-,-,B,
335,判断题,国职游泳救生员初级,急救知识,中度溺水会出现神志清楚，呼吸浅慢，血压下降，心率减慢等表现。,错误,正确,-,-,A,中度溺水，神志模糊，呼吸浅慢、不规则、血压下降、心率减慢，反射减弱
336,判断题,国职游泳救生员初级,急救知识,遇有心跳呼吸骤停又有肢体骨折的溺水者则应首先进行骨折处的复位和固定处理。,错误,正确,-,-,A,现在急救原则：先复苏后固定。人家心跳都停了，先复苏
337,判断题,国职游泳救生员初级,急救知识,心肺复苏是为挽救猝死者生命所采取的一种急救技术，简称为CPR。,错误,正确,-,-,B,
338,判断题,国职游泳救生员初级,急救知识,心肺复苏的第三步骤操作是打开气道。,错误,正确,-,-,A,判断意识和呼吸，打开气道，人工呼吸胸外按压
339,判断题,国职游泳救生员初级,急救知识,抢救者的体位应位于溺水者的体侧。,错误,正确,-,-,B,抢救者的体位应位于溺水者的体侧，这是因为在救援过程中，需要确保溺水者能够获得最佳的救援效果
340,判断题,国职游泳救生员初级,急救知识,复苏有效时，可见瞳孔由大变小。,错误,正确,-,-,B,
341,判断题,国职游泳救生员初级,急救知识,心肺复苏的终止条件之一是有其他人接替抢救，或有医师到时场承担了复苏工作。,错误,正确,-,-,B,
342,判断题,国职游泳救生员初级,急救知识,游泳救生员在对溺水者进行抢救时，必须坚持持续不断做心肺复苏，并保证心肺复苏的质量，直到医务人员到达现场。,错误,正确,-,-,A,心肺复苏终止有3个条件，其中包含医务人员到达现场。还有恢复自主呼吸和心跳。如果恢复了呼吸和心跳则可以终止心肺复苏，题目少了这个情况考虑
343,判断题,国职游泳救生员初级,急救知识,游泳救生员在抢救溺水者进行心肺复苏时AED到达现场既可以停止复苏。,错误,正确,-,-,A,复苏终止条件：①恢复自主呼吸和心跳，②医务人员到达现场；③现场环境不安全
344,判断题,国职游泳救生员初级,急救知识,游泳救生员在现场救助溺水者过程中应坚持连续进行心肺复苏，不能随意地停止复苏。,错误,正确,-,-,B,终止心肺复苏3个条件：1恢复自主呼吸和心跳；2医务人员到达现场；3现场环境不安全，因此没有达到上面3个标准，救生员不能随意地停止复苏。正确
345,判断题,国职游泳救生员初级,急救知识,游泳救生员在现场抢救中应坚持连续进行心肺复苏，当溺水者有意识后可以终止心肺复苏。,错误,正确,-,-,A,终止心肺复苏有3个条件。其中之一，需要恢复自主呼吸和心跳。有意识还确认不了，需要恢复自主呼吸和心跳，i故还要继续心肺复苏。错误
346,判断题,国职游泳救生员初级,急救知识,在现场抢救中应坚持连续进行心肺复苏，不能简单地提出停止复苏的决定。,错误,正确,-,-,B,
347,判断题,国职游泳救生员初级,急救知识,心肺复苏的成功标识就是心跳。,错误,正确,-,-,A,心肺复苏的成功标识包括心跳、呼吸、意识这三个方面。除了心跳之外，其他两项也需要恢复才能视为成功
348,判断题,国职游泳救生员初级,急救知识,救生员在施救上岸后，应该摇动溺水者的肩膀，以试其反应。,错误,正确,-,-,A,拍肩膀，不是摇，属于判断是否有意识
349,判断题,国职游泳救生员初级,急救知识,现场急救的原则是使溺水者尽快脱离水域在无意识有呼吸均可时立即心肺复苏。,错误,正确,-,-,A,有呼吸就不用心肺复苏
350,判断题,国职游泳救生员初级,急救知识,在遇到意外伤害事故时，只要进行现场急救，不用呼救拨打120及场外援助。,错误,正确,-,-,A,需要拨打急救电话120
351,判断题,国职游泳救生员初级,急救知识,判断溺水者是否有意识，一般要在5秒内检查完成。,错误,正确,-,-,A,需要5~10秒，这里描述5秒内，评估时间太短了
352,判断题,国职游泳救生员初级,急救知识,判断溺水者有无意识的一般方法是轻拍溺水者的面颊。,错误,正确,-,-,A,拍肩
353,判断题,国职游泳救生员初级,急救知识,现场急救的首要步骤应该判断患者是否具有意识。,错误,正确,-,-,B,
354,判断题,国职游泳救生员初级,急救知识,复苏的首要环节是打开呼吸道。,错误,正确,-,-,A,判断意识一打开气道一人工呼吸一胸外按压；首要环节是判断意识和呼吸
355,判断题,国职游泳救生员初级,急救知识,游泳救生员为了第一时间进行心肺复苏，可以在做口对口呼吸前不清除呼吸道内异物。,错误,正确,-,-,A,需要检查是否有异物
356,判断题,国职游泳救生员初级,急救知识,溺水者处于无意识状态时，舌肌和会厌后坠可能会阻塞气道。,错误,正确,-,-,B,
357,判断题,国职游泳救生员初级,急救知识,畅通呼吸道一般采用仰头抬颌法。,错误,正确,-,-,B,书上描述开发气道有2个方法，1是仰头抬颌法 2推举下颌法
358,判断题,国职游泳救生员初级,急救知识,口对鼻人工呼吸主要用于能经溺水者的口部进行通气者。,错误,正确,-,-,A,口对口
359,判断题,国职游泳救生员初级,急救知识,口对口或口对鼻吹气时心肺复苏的唯一方法。,错误,正确,-,-,A,有口对器械
360,判断题,国职游泳救生员初级,急救知识,救生员平时对模拟人进行口对口吹气训练时如果患有某种传染性疾病，不可能通过唾液传染给其他救生员。,错误,正确,-,-,A,可能，应使用人口呼吸膜进行防护
361,判断题,国职游泳救生员初级,急救知识,救生员平时对模拟人进行口对口吹气训练时为避免交又感染，应使用人工呼吸膜进行防护。,错误,正确,-,-,B,救生员在进行口对口吹气训练时，为了避免可能的交又感染，使用人工呼吸膜是非常重要的。人工呼吸膜能够提供一个物理屏障，防止救生员与被救助者之间的直接接触，从而减少疾病传播的风险。这种措施在医疗急救、救生训练等场合中经常被采用，以确保训练过程的安全和卫生。
362,判断题,国职游泳救生员初级,急救知识,在成人现场心肺复苏口对口人工呼吸中必须始终用一手拇、食两指捏住患者鼻翼。,错误,正确,-,-,A,始终错了，吹2口气，就要松开鼻翼了，进行胸外按压
363,判断题,国职游泳救生员初级,急救知识,成人胸外按压深度至少5厘米，不超过8厘米。,错误,正确,-,-,A,不是8厘米，而是6厘米
364,判断题,国职游泳救生员初级,急救知识,对成人做心脏挤压时，采用一只手掌进行垂直用力挤压。,错误,正确,-,-,A,对成人进行心脏挤压时，应该采用两只手掌进行垂直用力挤压。一只手掌可能无法提供足够的力量来有效地进行心脏挤压
365,判断题,国职游泳救生员初级,急救知识,心肺复苏的胸外心脏按压频率至少80次/分。,错误,正确,-,-,A,至少100次/分
366,判断题,国职游泳救生员初级,急救知识,心肺复苏时胸外心脏按压每15次后，吹气2口，即15:2的比例。,错误,正确,-,-,A,不是15:2，而是30:2
367,判断题,国职游泳救生员初级,急救知识,胸外心脏按压的下压速率为100次/分。,错误,正确,-,-,B,按压频率每分钟至少100次，但不超过120次。100次/分在这个范围内，正确
368,判断题,国职游泳救生员初级,急救知识,胸外心脏每按压胸部30次后，吹气2口，即30:2的比例。,错误,正确,-,-,B,
369,判断题,国职游泳救生员初级,急救知识,游泳救生员进行心肺复苏时胸外按压的速度越快越好。,错误,正确,-,-,A,有节奏，频率100-120次/分
370,判断题,国职游泳救生员初级,急救知识,游泳救生员进行心肺复苏时胸外按压深度为5-6厘米。,错误,正确,-,-,B,
371,判断题,国职游泳救生员初级,急救知识,游泳救生员进行心肺复苏胸外按压时要用最大力气用力压住、快压。,错误,正确,-,-,A,用力深度是5-6厘米
372,判断题,国职游泳救生员初级,急救知识,在抢救溺水者时，进行胸外按压前先给予2次的人工呼吸。,错误,正确,-,-,B,30比2，先2次人工呼吸，在30次按压
373,判断题,国职游泳救生员初级,急救知识,救生员在胸外心脏按压速度不自主地加快或减慢会影响按压效果。,错误,正确,-,-,B,按压速度不自主地加快或减慢会影响按压效果；
374,判断题,国职游泳救生员初级,急救知识,胸外心脏按压定位要准确。向两侧错位易致肋骨或肋骨软肌交界处骨折，导致气胸、血胸。,错误,正确,-,-,B,
375,判断题,国职游泳救生员初级,急救知识,胸外心脏按压时手指压在胸壁上操作。,错误,正确,-,-,A,手指不能压到胸
376,判断题,国职游泳救生员初级,急救知识,游泳救生员进行心肺复苏时胸外按压时按压与放松比例为1:1。,错误,正确,-,-,B,按照现行的心肺复苏指南，在进行胸外按压时通常是按压与放松比例为1:1，即按压和放松时间相等
377,判断题,国职游泳救生员初级,急救知识,在心脏挤压时，两臂位于双手的正上方，两臂伸直，垂直向下用力，但两臂可作屈伸，可保持积压的力量。,错误,正确,-,-,A,不可弯曲，保持两臂垂直
378,判断题,国职游泳救生员初级,急救知识,儿童做心脏挤压时，一般采用双手掌重叠垂直用力。,错误,正确,-,-,A,单手垂直用力
379,判断题,国职游泳救生员初级,急救知识,婴儿在进行心脏挤压抢救时，以单手食指和中指并拢挤压。,错误,正确,-,-,B,婴儿心脏挤压抢救时，使用单手食指和中指并拢（一手2根手指并拢），在正确的操作下是可以施救成功的。这是一个正确的判断
380,判断题,国职游泳救生员初级,急救知识,游泳救生员除颤后，应立即开始胸外按压尽量避免因分析心律和除颤造成胸外按压中断，并随时准备重新心肺复苏。,错误,正确,-,-,B,除颤后无论是否成功恢复正常心脏跳动，都需要继续完成两分钟的心肺复苏，主要是因为心脏再次发生室颤可能以及心脏在除颤成功后短期两分钟不能维持有效血流需要考虑
381,判断题,国职游泳救生员初级,急救知识,成人心肺复苏使用AED除颤时贴电极片将需要将胸前的水擦干。,错误,正确,-,-,B,
382,判断题,国职游泳救生员初级,急救知识,AED抢救溺水者时，要尽快，先除颤再擦干身体。,错误,正确,-,-,A,先擦干后使用
383,判断题,国职游泳救生员初级,急救知识,溺水者俯卧位时，也可以使用AED除颤。,错误,正确,-,-,A,在溺水者胸部紧密地贴上电极片，两块点极品分别贴在右胸上部和左胸左乳头外侧；所以俯卧位时，不可以使用AED除颤，应仰卧
384,判断题,国职游泳救生员初级,急救知识,游泳救生员对于溺水导致心跳骡停者可以在水下进行AED除颤。,错误,正确,-,-,A,不能在水下
385,判断题,国职游泳救生员初级,急救知识,游泳救生员对于溺水者应第一时间给予AED除颤。,错误,正确,-,-,A,先判断是否需要心肺复苏
386,判断题,国职游泳救生员初级,急救知识,止血方法有加压包扎、指压、强屈关节、止血带、结扎、外用药物等。,错误,正确,-,-,A,止血方法4种，直接加压、指压动脉、止血带、填塞。没有强屈关节和外用药物
387,判断题,国职游泳救生员初级,急救知识,动脉出血的临床表现是血液颜色呈暗红，自伤口远心端涌出或缓慢流出，若破裂血管较大，也可能危及生命。,错误,正确,-,-,A,是静脉出血
388,判断题,国职游泳救生员初级,急救知识,止血带上应标注止血带的连续使用时间，每40~60分钟放松一次，每次1-2分钟。,错误,正确,-,-,A,每次时长1-3分钟（根据局部出血情况确认时长）
389,判断题,国职游泳救生员初级,急救知识,对跳水的溺水者施救时应注意其颈椎、脊柱是否受伤。,错误,正确,-,-,B,
390,判断题,国职游泳救生员初级,急救知识,脊柱受伤会出现呼吸困难等症状。,错误,正确,-,-,A,脊柱受伤症状有4个，没有呼吸困难这个。脊柱受伤可能导致呼吸系统症状的原因是因为脊柱受伤可能会影响呼吸功能，如膈肌、肋间肌等呼吸肌的功能受到影响，从而导致呼吸困难等症状。但是，脊柱受伤并不会直接导致呼吸困难。因此，该题答案为“错误”
391,判断题,国职游泳救生员初级,急救知识,游泳者脊柱受伤时，进行运送唯一使用的急救器材是急救板。,错误,正确,-,-,A,急救板或平板
392,判断题,国职游泳救生员初级,急救知识,游泳者事发前曾有不恰当的入水姿势，应该怀疑脊柱有损伤。,错误,正确,-,-,B,
393,判断题,国职游泳救生员初级,急救知识,游泳者事发前曾在浅水区域跳水，应该怀疑脊柱有损伤。,错误,正确,-,-,B,
394,判断题,国职游泳救生员初级,急救知识,游泳者脊骨失力，颈部有坠下的感觉等症状出现，应该怀疑下肢损伤。,错误,正确,-,-,A,脊柱损伤症状第四条：脊骨失力，颈部有坠下的感觉
395,判断题,国职游泳救生员初级,急救知识,脊髓位于脊柱之内，脊柱骨折可能导致脊髓受伤。,错误,正确,-,-,B,
396,判断题,国职游泳救生员初级,急救知识,游泳者发生脊柱损伤一定是颈椎损伤。,错误,正确,-,-,A,有颈椎、腰椎
397,判断题,国职游泳救生员初级,急救知识,溺水者手上后有一定的失重感，可能是脊柱受伤。,错误,正确,-,-,B,脊柱受伤的症状
398,判断题,国职游泳救生员初级,急救知识,肢体麻木、部分甚至完全失去感觉可能是脊髓受伤。,错误,正确,-,-,B,脊髓受伤的症状，由于脊髓位于脊柱之内，当脊柱骨折导致脊髓受伤时，会出现下列症状：1.受伤处以下的肢体软弱无力或瘫痪；2.肢体麻木，部分甚至完全失去感觉而造成运动障碍；3.呼吸困难或大小便功能障碍；4.休克甚至昏迷；
399,判断题,国职游泳救生员初级,急救知识,在移动疑似脊柱损伤溺水者身体时，必须用前臂稳定溺水者颈部。,错误,正确,-,-,B,
400,判断题,国职游泳救生员初级,急救知识,颈椎受伤后迅速将颈托固定在颈部，与颈托的大小尺寸无关。,错误,正确,-,-,A,在使用颈托时，对不同体形受伤者，必须严格地选择适合的尺码
401,判断题,国职游泳救生员初级,急救知识,如果伤者身体处于未固定状态，游泳救生员也可以使用头锁固定法先固定伤者头部。,错误,正确,-,-,A,救生员固定溺水者颈部时，应先固定自己双手肘关节，然后在扶头部
402,判断题,国职游泳救生员初级,急救知识,颈托只能协助防止颈椎移动，并不能完全将颈椎固定在安全位置。,错误,正确,-,-,B,切记颈托只能协助防止颈椎移动，并不能完全将颈椎固定在安全位置
403,判断题,国职游泳救生员初级,急救知识,斜方肌挤压法时，救生员应双手虎口张开，在溺水者头部两侧插入肩下至斜方肌，掌心向下，压紧斜方肌。,错误,正确,-,-,A,掌心向上
404,判断题,国职游泳救生员初级,急救知识,斜方肌挤压法时，应先固定救生员的双手肘关节。,错误,正确,-,-,B,
405,判断题,国职游泳救生员初级,急救知识,斜方肌挤压法时救生员应双手紧贴溺水者头顶部，使其固定。,错误,正确,-,-,A,是双手前臂，不是双手，没有强调前臂
406,判断题,国职游泳救生员初级,急救知识,游泳救生员使用斜方肌挤压法时需要双膝跪在伤者头部一侧。,错误,正确,-,-,A,跪在溺水者头顶后面，不是一侧
407,判断题,国职游泳救生员初级,急救知识,使用胸背固定法时，放在胸前的手固定面颊的时候不能盖住伤者口鼻。,错误,正确,-,-,B,
408,判断题,国职游泳救生员初级,急救知识,脊柱损伤水中处理时，救生员应将溺水者放在急救板上，运送上岸。,错误,正确,-,-,A,需要检查呼吸先，如没有呼吸尽快上岸则不用上急救板
409,判断题,国职游泳救生员初级,急救知识,头锁法时救生员双手掌放在溺水者头两侧拇指轻按前额，食中指按面颊，无名指和小指放在耳下但不要超过嘴尖。,错误,正确,-,-,A,不超过耳垂，不是嘴尖
410,判断题,国职游泳救生员初级,急救知识,头胸方法固定时，救生员在转动头颈部时切勿捂住溺水者的口鼻，以免影响呼吸。,错误,正确,-,-,A,切勿转动头颈部或捂住溺水者口鼻，以免影响其呼吸。应该描述不要转动头颈部和捂住口鼻。是2个动作禁止
411,判断题,国职游泳救生员初级,急救知识,游泳时脊椎损伤一般需要借助专业的急救器材和经过专业训练的颈部固定技术。,错误,正确,-,-,B,需要器材和固定技术
412,判断题,国职游泳救生员初级,急救知识,在搬动颈椎受伤患者时，一人扛上身，一人抬大腿快速送至医院。,错误,正确,-,-,A,需要上台架
413,判断题,国职游泳救生员初级,急救知识,移动疑似颈部受伤者时，如受伤者感到疼痛，应尽快移动。,错误,正确,-,-,A,应停止移动
414,判断题,国职游泳救生员初级,急救知识,救生员用手钳固定方法时，先用肘关节固定溺水者身体，然后用手掌和手指固定其头颈部。,错误,正确,-,-,B,水中固定技术
415,判断题,国职游泳救生员初级,急救知识,使用头胸固定法时，按压面颊的手不能盖住溺水者口鼻，以免影响其心跳。,错误,正确,-,-,A,不是影响心跳，是影响呼吸
416,判断题,国职游泳救生员初级,急救知识,救生员在使用手臂固定法时，溺水者身体翻转后应将颈部保持呈一直线。,错误,正确,-,-,A,先保持头颈部呈一条直线，在翻转溺水者身体。是头颈部不是颈部
417,判断题,国职游泳救生员初级,管理规范,饱餐后即刻游泳肾脏负担过重，容易引起呕吐和昏迷。,错误,正确,-,-,A,胃和心肺
418,判断题,国职游泳救生员初级,管理规范,为了避免增加胃与心肺的负担，我们应该空腹游泳。,错误,正确,-,-,A,不应空腹。空腹容易低血糖
419,判断题,国职游泳救生员初级,管理规范,低血糖急救措施，口服糖水、含糖饮料或进食糖果、饼干等。,错误,正确,-,-,B,低血糖发生时，人体血糖水平下降，需要及时补充糖分以缓解症状。这些措施有助于迅速恢复血糖水平，缓解低血糖症状
420,判断题,国职游泳救生员初级,管理规范,心脏病人，不论有什么保护措施都不能下水游泳。,错误,正确,-,-,A,心脏病患者禁止在公共游泳场所游泳。但是如经过医生同意，而且在私人泳池，有专人看护，还是可以下水游泳的。不是很绝对不能下水游泳
421,判断题,国职游泳救生员初级,管理规范,在开放泳池游泳活动中，游泳学习班练习区域与游客活动区域可以重叠。,错误,正确,-,-,A,在开放泳池中，为了确保游泳者的安全和教学活动的进行，通常会将游泳学习班练习区域与游客活动区域分隔开来，以避免潜在的安全风险
422,判断题,国职游泳救生员初级,管理规范,游泳俱乐部可以向游泳人员提供瓜子、香烟、啤酒、火腿肠等食品和饮料。,错误,正确,-,-,A,根据健康理念和对运动员的保护，游泳俱乐部般不应提供烟酒等有害身体健康的食品和饮料，因此，提供瓜子、香烟、啤酒、火腿肠等食品和饮料
423,判断题,国职游泳救生员初级,管理规范,遵循“循序渐进”的锻炼原则的基本要求是逐步增加运动量，根据身体反应情况科学制定训练计划，达到强身健体目的。,错误,正确,-,-,B,
424,判断题,国职游泳救生员初级,管理规范,仰卧漂浮休息，腿部下沉可将腹部露出水面并屈腕。,错误,正确,-,-,A,如腿部下沉，将手臂露出水面并屈腕；而不是将腹部露出水面
425,判断题,国职游泳救生员初级,管理规范,仰卧漂浮休息，腿部下沉可将手臂露出水面并屈腕。,错误,正确,-,-,B,
426,判断题,国职游泳救生员初级,管理规范,水中漂浮休息方法只有身体仰卧漂浮休息法与身体垂直漂浮休息法两种。,错误,正确,-,-,B,教材确实描述这两种
427,判断题,国职游泳救生员初级,管理规范,仰卧漂浮休息时，吸气要深要短，呼气要缓慢。,错误,正确,-,-,B,
428,判断题,国职游泳救生员初级,管理规范,遇险者遇到抽筋等情况时，快速游向池边是靠池边自救的唯一方法。,错误,正确,-,-,A,可仰漂在水面，招手请求救援
429,判断题,国职游泳救生员初级,管理规范,靠池边自救的基本方法是通过自身及寻求他人帮助脱离险境的一种救援方法。,错误,正确,-,-,B,
430,判断题,国职游泳救生员初级,管理规范,手指肌肉痉挛时握拳，再用力伸展手指。,错误,正确,-,-,B,
431,判断题,国职游泳救生员初级,管理规范,小腿前面肌肉痉挛，先用一只手抓住脚趾而后用力尽量往下按压。,错误,正确,-,-,A,小腿前面肌肉痉李解救法：先用一只手抓住脚趾，然后用力下按、上扳，反复几次痉挛就能消除。题目描述尽量下按压，没有描述上扳。肌肉得不到拉长伸展
432,判断题,国职游泳救生员初级,管理规范,小腿前面肌肉痉挛，解救方法是把痉挛的肌肉拉伸开。,错误,正确,-,-,B,小腿前面肌肉痉李解救法：先用一只手抓住脚趾，然后用力下按、上扳，反复几次痉李就能消除
433,判断题,国职游泳救生员初级,管理规范,脚趾肌肉痉挛解救法，做脚趾伸和屈的动作，反复几次。,错误,正确,-,-,B,脚趾肌肉痉挛解救法：做脚趾伸和屈的动作，反复几次痉挛就能消除
434,判断题,国职游泳救生员初级,管理规范,脚趾肌肉痉挛解救方法是反复做几次脚趾伸和屈动作就能够消除肌肉痉挛症状。,错误,正确,-,-,B,周脚趾肌肉痉挛解救法：1做脚趾伸和屈的动作，反复几次痉挛就能消除
435,判断题,国职游泳救生员初级,管理规范,肌肉痉挛常见的部位是手指、手掌、脚趾、小腿、大腿和腹部等部位。,错误,正确,-,-,B,肌肉痉挛又称抽筋，是肌肉自发的强直性收缩可发生在身体的多个部位，包括手指、手掌、脚趾、小腿、大腿和腹部等
436,判断题,国职游泳救生员初级,管理规范,大腿后面肌肉痉挛：先伸直患腿，一手按住膝盖，踝关节屈，一手抓住大腿用力向后扳并蹬直患腿。,错误,正确,-,-,A,不是抓大腿，而是脚趾（小腿后面肌肉痉挛也是不是抓大腿，用这样方法）
437,判断题,国职游泳救生员初级,管理规范,大腿后侧肌肉痉挛解救法先伸直患腿，一只手异侧手按住膝盖或小腿部位，踝关节屈，一手同侧手抓住脚趾用力后扳并蹬直患腿反复几次。,错误,正确,-,-,B,
438,判断题,国职游泳救生员初级,管理规范,小腿后面肌肉痉挛解救方法是患腿屈膝，一手按住膝关节，另一手抓住脚趾用力蹬直患腿。,错误,正确,-,-,A,先伸直患腿，不是曲腿
439,判断题,国职游泳救生员初级,管理规范,腹部痉挛解救法，人体浮在水面伸直，腿和头部尽量向后伸挺，拉长腰腹，并用双手配合按摩腹部，反复几次。,错误,正确,-,-,B,
440,判断题,国职游泳救生员初级,管理规范,警示牌是游泳场所唯一设置的标志牌。,错误,正确,-,-,A,不是唯一，还有告知牌、须知牌
441,判断题,国职游泳救生员初级,管理规范,游泳场馆中告示牌包含的基本内容，包括场地示意图、绿色通道、气温、深水区等。,错误,正确,-,-,A,深水区是警示牌内容
442,判断题,国职游泳救生员初级,管理规范,游泳场馆中警示牌包含禁止跳水、印小心地滑、水温等内容。,错误,正确,-,-,A,印小心地滑、水温是告知牌内容
443,判断题,国职游泳救生员初级,管理规范,游泳场馆中须知牌包含的基本内容包括游泳者须知、游泳安全须知、游泳卫生须知。,错误,正确,-,-,A,不是卫生，是紧急抢救程序须知
444,判断题,国职游泳救生员初级,管理规范,游泳场所安全标志牌分为警示牌、告知牌须知牌。,错误,正确,-,-,B,
445,判断题,国职游泳救生员初级,管理规范,在开放泳池游泳活动中，游泳池通常会禁止游客进行跳水行为。,错误,正确,-,-,B,
446,判断题,国职游泳救生员初级,管理规范,游泳池场内必须设置“游泳安全须知“醒目的安全标志。,错误,正确,-,-,B,在公共场所，特别是在涉及人身安全的地方，设置安全标志是非常重要的。游泳池作为一个可能存在溺水风险的场所，设置“游泳安全须知“等醒目的安全标志，能够提醒游泳者注意安全，了解游泳的注意事项和规定，从而降低事故发生的概率
447,判断题,国职游泳救生员初级,管理规范,游泳场馆中的游泳场所的救生器材与药物必须有专人管理。,错误,正确,-,-,B,
448,判断题,国职游泳救生员初级,管理规范,救生浮标是国际上普遍采用的救生器材之一。,错误,正确,-,-,B,
449,判断题,国职游泳救生员初级,管理规范,对于只有50公分深的对外开放的小型游泳池不需要配备救生圈。,错误,正确,-,-,A,需要配游泳圈
450,判断题,国职游泳救生员初级,管理规范,救生器材包括救生杆。,错误,正确,-,-,B,
451,判断题,国职游泳救生员初级,管理规范,救生圈(球)也是游泳池内最常用的救生器材之一。,错误,正确,-,-,B,
452,判断题,国职游泳救生员初级,管理规范,救生圈规格中塑料制成儿童充气游泳圈是其中一种使用比较广泛的游泳救生用品。,错误,正确,-,-,A,不是充气，而是实心
453,判断题,国职游泳救生员初级,管理规范,游泳场所必须配备救生圈等急救器材。,错误,正确,-,-,A,救生圈不是急救器材，是救生器材。
454,判断题,国职游泳救生员初级,管理规范,救生器材一般包括救生观察台和其它急救器材。,错误,正确,-,-,A,救生器材是救生员用于观察并对受伤者、溺水者施救的必备工具，包括救生观察台和其他救生器材。这里不是急救器材
455,判断题,国职游泳救生员初级,管理规范,游泳场所应在明显位置上放置急救箱等救生器材。,错误,正确,-,-,A,急救器材、药品是游泳场所必须配置的，且必须是用于急救溺水者和伤病者所需的专业器材和药品，如脊柱固定板，急救氧气瓶，急救包(氧气发生器)，肢体固定夹板，人工复苏器，便携式人工呼吸面罩，护颈器，包扎带等，以及常用急救药品；急救箱是急救器材而不是救生器材；
456,判断题,国职游泳救生员初级,管理规范,游泳池救生观察台侧面必须与游泳池边沿垂直。,错误,正确,-,-,A,不是侧面，而是前边（即正面）
457,判断题,国职游泳救生员初级,管理规范,为了避免形成观察死角，观察台的前边不必与游泳池边垂直摆放。,错误,正确,-,-,A,教材原话；观察台前边与游泳池边垂直摆放
458,判断题,国职游泳救生员初级,管理规范,救生观察台的高度在2m左右。,错误,正确,-,-,B,观察台的高度应在1.5m以上。这里描述2m，是正确的
459,判断题,国职游泳救生员初级,管理规范,救生员的装备是包括统一着装、救生哨、急救腰包等。,错误,正确,-,-,B,
460,判断题,国职游泳救生员初级,管理规范,游泳救生员必须统一着装，一般救生服装都是颜色鲜艳容易识别的红、黄或橙红色。,错误,正确,-,-,B,游泳救生员必须穿着统一服装，一般救生员服装都是颜色鲜艳容易识别的红色、黄色或橙红色，发生溺水事故可以让游泳者一目了然
461,判断题,国职游泳救生员初级,管理规范,游泳救生员个人的装备应由游泳救生员统一管理，确保满足上岗要求。,错误,正确,-,-,B,
462,判断题,国职游泳救生员初级,管理规范,游泳救生员只要统一服装就可以，不必要求其款式和颜色。,错误,正确,-,-,A,一般救生服装都是颜色鲜艳容易识别的红、黄或橙红色。
463,判断题,国职游泳救生员初级,管理规范,游泳救生员当值时，穿着统一服装，不但有助于塑造专业形象，更便于执行救生任务。,错误,正确,-,-,B,
464,判断题,国职游泳救生员初级,管理规范,一般情况下游泳救生员连续上岗时间不应超过4小时。,错误,正确,-,-,A,不超过2小时
465,判断题,国职游泳救生员初级,管理规范,游泳救生员上岗必须配备急救腰包。,错误,正确,-,-,B,游泳救生员在进行救护工作时，配备急救腰包是非常必要的，因为在水上突发情况下能够迅速使用急救用品对被救护者进行紧急处理提高救援效率，减少事故损失。
466,判断题,国职游泳救生员初级,管理规范,按水域面积配置游泳救生员岗位一般多用于50米标准或25米半标准游泳池。,错误,正确,-,-,A,按泳池面积来算救生员岗位
467,判断题,国职游泳救生员初级,管理规范,在水面面积500m2的泳池，应至少配备三名游泳救生员。,错误,正确,-,-,A,每增加250m2增加1名，500m2至少4名
468,判断题,国职游泳救生员初级,管理规范,在标准游泳场所，水面面积在250平方米以下的泳池，应至少配备二名救生员。,错误,正确,-,-,A,至少3名，不是2名
469,判断题,国职游泳救生员初级,管理规范,事故发生及处理过程，救生员可以对外发表自己的意见和事故处理结果。,错误,正确,-,-,A,不可以；由指定发言人对外宣布事故情况及处理和结果
470,判断题,国职游泳救生员初级,管理规范,遇到事故时，救生员可以对外随意发表自己的个人意见。,错误,正确,-,-,A,不可以：由指定发言人对外宣布事故情况及处理和结果。
471,判断题,国职游泳救生员初级,管理规范,应急预案的内容包括确定现场指挥者和实施抢救人员的分工。,错误,正确,-,-,B,
472,判断题,国职游泳救生员初级,管理规范,对外公开意外事故的处理意见是由救生组长决定的。,错误,正确,-,-,A,由指定发言人对外宣布事故发生情况、处理过程和结果
473,判断题,国职游泳救生员初级,管理规范,游泳池安全应急预案包括溺水事故预案、开放性受伤预案、脊柱受伤事故预案、企业信用危机预案、地震及其他灾害预案等。,错误,正确,-,-,A,没有企业信用危机预案，应是雷雨天气预案
1,单选题,国职游泳救生员初级,历史常识,国际救生协会成立于()年。,1891,1910,1993,1998,C,p2
2,单选题,国职游泳救生员初级,历史常识,中国救生协会于2007年加入()联合会。,国际游泳,国际竞赛,国际体育,国际救生,D,p2；关键词“救生”
3,单选题,国职游泳救生员初级,历史常识,最早成立水上救生组织的国家的是()。,澳大利亚,英国,美国,比利时,B,p2；英国皇家救生协会建于1819年，是最早的
4,单选题,国职游泳救生员初级,历史常识,()成立了英国皇家救生协会。,1891年,1819年,1918年,1981年,B,p2；英国皇家救生协会建于1819年。
5,单选题,国职游泳救生员初级,历史常识,国际救生协会的英文缩写为()。,FIS,ILS,WLS,WHO,B,p2；International Life Saving简称:ILS
6,单选题,国职游泳救生员初级,历史常识,国际救生协会于1993年2月23日在()成立。,美国,比利时,法国,英国,B,p2
7,单选题,国职游泳救生员初级,历史常识,据记载，()是我国古代救生事业起步最早的滨江城市之一。,福建厦门,湖北武汉,广东湛江,江苏镇江,D,p3；据记载，江苏省镇江市是我国古代救生事业起步最早的滨江城市之一。
8,单选题,国职游泳救生员初级,历史常识,我国()时期在镇江西津渡创办的“救生会”救生船只的颜色为红色。,唐朝,明朝,南宋,北宋,C,p3；早南宋时期，镇江西津渡就是一个重要的长江港口，水上交通发达，溺水事故也经常发生。蔡彩褂玫拇只均涂成红色，故又称之为'救生红船”
9,单选题,国职游泳救生员初级,历史常识,我国明清朝的救生员是在()水域的上游进行救生活动。,鸭绿江,黄河,长江,松花江,C,p3：到了明清时期，官方在交通要道设立了专门的救生人员，特别是针对长江上游险滩建立了一套完整的救生管理体系。
10,单选题,国职游泳救生员初级,历史常识,我国明清时期，官方在交通要道设立了专门的救生人员，特别是针对()上游险滩建立了一套完整的救生管理体系。,松花江,黄河,鸭绿江,长江,D,p3；到了明清时期，官方在交通要道设立了专门的救生人员，特别是针对长江上游险滩建立了一套完整的救生管理体系。
11,单选题,国职游泳救生员初级,历史常识,中国救生协会成立的时间是()。,1999,2000,2004,2005,D,p4：中国救生协会是2005年成立，2007年加入国际救生联合会。
12,单选题,国职游泳救生员初级,历史常识,()，我国在杭州举办第一批游泳救生员考评员培训班。,2007年11月,2008年4月,2007年12月,2008年5月,D,p4
13,单选题,国职游泳救生员初级,历史常识,()游泳救生员成为劳动和社会保障部正式向社会发布的新职业之一。,2009年5月,1999年10月,2007年11月,1998年1月,C,p4
14,单选题,国职游泳救生员初级,历史常识,人力资源和社会保障部()正式向社会公布将游泳救生纳入国家职业范畴。,2004年9月,2008年4月,2008年10月,2007年11月,D,p4
15,单选题,国职游泳救生员初级,历史常识,解放后，我国最早成立水上救生组织的省市是()。,北京,天津,上海,广州,C,p4：1979年，上海率先成立了我国第一个水上救生组织(上海市游泳救生委员会)
16,单选题,国职游泳救生员初级,基础常识,游泳救生可分为游泳池救生和(),静水水域救生,公开水域救生,自然水域救生,海浪水域救生,C,p5
17,单选题,国职游泳救生员初级,基础常识,游泳救生员可分为()和自然水域救生。,静水,海浪,游泳池,人工水库,C,p5
18,单选题,国职游泳救生员初级,基础常识,游泳救生是一项拯溺救难的高尚事业，是人道主义和精神文明建设的()。,具体表现,个体表现,综合表现,整体表现,A,p5
19,单选题,国职游泳救生员初级,基础常识,游泳教生员工作中，防字当头，()是消除一切可能发生事故隐患的基础和保障。,施救准确,团结协作,同心同德,贯彻始终,D,p5；防字当头，贯彻始终
20,单选题,国职游泳救生员初级,基础常识,团队救生时能发挥集体的力量和()，在救助的时间上会更快，在抢救操作上会更准有效。,精神,作用,智慧,技术,C,p6
21,单选题,国职游泳救生员初级,基础常识,游泳救生员的()是一项拯溺救难、救人生命的崇高事业。,工作宗旨,指导思想,职业性质,工作定义,C,p6；职业性质
22,单选题,国职游泳救生员初级,基础常识,游泳救生员的职业性质()。,是坚持以人为本，努力构建和谐社会的重要方面,是“三个代表”的具体行动,是一项拯溺救难、救人生命的崇高事业,是人道主义和精神文明建设的具体表现,C,p6；职业性质
23,单选题,国职游泳救生员初级,基础常识,游泳救生的工作宗旨是()。,同心协力，拯溺救难,专研业务，勤于进取,专心致志，忠于职守,服务周到，举止文明,A,工作宗旨
24,单选题,国职游泳救生员初级,基础常识,游泳救生工作的指导思想是()。,以防为主，施救要准,防救结合，快速准确,判断准确，抢救得力,迅速高效，抢救溺者,A,p6
25,单选题,国职游泳救生员初级,基础常识,()，尽职尽责是与游泳救生员的工作态度和工作质量有着直接联系的道德要求。,遵纪守法,热情服务,钻研业务,团结协作,B,p7；热情服务也可以描述热忱服务
26,单选题,国职游泳救生员初级,基础常识,以下行为不符合救生员职业道德的是()。,珍惜生命，乐于奉献,科学文明，相信迷信,专研业务，勤于进取,团结协作，相互尊重,B,p7；没有相信迷信选B
27,单选题,国职游泳救生员初级,基础常识,游泳救生员的职业道德规范包括:珍惜生命、乐于奉献;热忱服务、尽职尽责;钻研业务、勤于进取;();遵纪守法、诚实待人;等五个方面。,遇事不乱、乐于奉献,全心全意、拯溺救难,团结协作、互相尊重,精神饱满、实事求是,C,p7
28,单选题,国职游泳救生员初级,基础常识,珍惜生命，()这是每个游泳救生员做好本职工作和履行其道德义务的前提。,互相尊重,钻研业务,乐于奉献,科学文明,C,p7
29,单选题,国职游泳救生员初级,基础常识,游泳初学者李某向正在职岗的游泳救生员孙某请教游泳知识，孙某热情详细的为李某进行介绍和示范。孙某的行为()。,违反了救生员“救助及时，分秒必争”的职业守则,体现了救生员“服务周到，举止文明“的职业守则,违反了救生员”忠于职守，认真履职”的职业守则,能使游泳者获得好的体验，值得鼓励,C,p8；做了跟本职无关事情，不忠于职守，没有认真履职。选C
30,单选题,国职游泳救生员初级,基础常识,游泳救生员的职业守则是游泳救生员所必须遵循的()。,行为要求,行为内容,工作依据,行为准则,D,p8；行为标准或行为准则
31,单选题,国职游泳救生员初级,基础常识,救生员在自己的岗位上，不应当()。,明确自己的责任区，思想高度集中,不间断的扫视、环视自己所负责的责任区,浏览手机消息,对老年人等特殊人群重点关注,C,"严守岗位“九不准"":不使用手机,"
32,单选题,国职游泳救生员初级,基础常识,游泳救生工作的中心是()。,安全,救生器材齐备,救生员配各充足,急救器材先进,A,p8
33,单选题,国职游泳救生员初级,技能知识,踩水技术在水中拖带溺者的救助工作中起着(),一般作用,不可替代的作用,辅助作用,重要作用,D,踩水在水中观察、寻找、接近、拖带溺水的救助工作起着重要作用
34,单选题,国职游泳救生员初级,技能知识,两腿交替蹬夹水时，腿的蹬水及收回路线基本呈()。,椭圆形,三角形,字形,四边形,A,p12椭圆形
35,单选题,国职游泳救生员初级,技能知识,关于采用两腿同时蹬夹水配合时腿与手臂的技术要点，以下说法正确的是()。,两腿做蹬夹水动作的同时，两手做向外的摸水动作,两腿做完蹬夹水动作，两手做向外的摸水动作,两腿做蹬夹水动作之前，两手做向外的摸水动作,两腿做蹬夹水动作的同时，两手做向内的摸水动作,A,两腿做蹬夹水动作的同时，两手做向外的摸水动作
36,单选题,国职游泳救生员初级,技能知识,在施救过程中，踩水技术()。,便于观察水面情况，不适合做前后、左右方向的移动,不便于观察水面情况，不适合做前后、左右方向的移动,不便于观察水面情况，可做前后、左右方向的移动,便于观察水面情况，可做前后、左右方向的移动,D,踩水便于观察水面情况和向前、后、左右方向移动。
37,单选题,国职游泳救生员初级,技能知识,在施救过程中，踩水技术()观察水面情况，()、左右方向的移动。,不便于;不适合做前后,便于;可做前后,不便于:可做前后,便于;不适合做前后,B,踩水便于观察水面情况和向前后、左右方向移动。
38,单选题,国职游泳救生员初级,技能知识,踩水技术动作()、方便、省力、能持久，具有较大的实用价值。,难掌握,复杂,简单,易学,C,p12
39,单选题,国职游泳救生员初级,技能知识,踩水技术的缺点是()。,简单,方便,省力,移动速度慢,D,p12；移动速度慢
40,单选题,国职游泳救生员初级,技能知识,踩水时，()，头露出水面。,俯卧于水中,身体直立水中，稍前倾,仰卧于水中,身体直立水中，稍后倾,B,踩水时，身体直立水中，稍前倾，头露出水面
41,单选题,国职游泳救生员初级,技能知识,踩水时，身体直立水中()露出水面。,稍后倾，头,稍前倾，头,稍前倾，肩部,稍后倾，肩部,B,踩水时，身体直立水中，稍前倾，头露出水面
42,单选题,国职游泳救生员初级,技能知识,关于踩水的身体姿势，以下描述正确的是(),踩水时身体仰卧于水中，头露出水面,踩水时身体直立于水中，稍后倾，头露出水面,踩水时身体直立，水中稍前倾，头露出水面,踩水时身体侧卧于水中，头露出水面,C,踩水时，身体直立水中，稍前倾，头露出水面
43,单选题,国职游泳救生员初级,技能知识,采用两腿同时蹬夹水技术踩水时，同蛙泳腿的动作相似，()当两腿还未完全蹬直时收腿，动作要连贯。,但大腿动作的幅度较小，用小腿和脚外侧向侧下方蹬夹水,但大腿动作的幅度较大，用小腿和脚内侧向侧下方蹬夹水,但大腿动作的幅度较小，用小腿和脚内侧向侧下方蹬夹水,但大腿动作的幅度较大，用小腿和脚外侧向侧下方蹬夹水,C,p12；两腿同时向下蹬夹水的动作同蛙泳时腿的动作相似，但大腿动作幅度较小，用小腿和脚内侧向侧下方蹬夹水，当两腿未完全蹬直时再次收腿，动作连贯。
44,单选题,国职游泳救生员初级,技能知识,踩水时腿部的技术动作有两种，一种是两腿交替蹬夹水，另一种是()。,两腿交替上下打水,两腿同时蹬夹水,双腿同时上下打水,两腿交替前后打水,B,p12；记忆:两腿蹬夹水一个同时，一个交替
45,单选题,国职游泳救生员初级,技能知识,关于踩水的腿部技术的分类，以下描述正确的是()。,踩水时腿部的技术动作有三种，一种是两腿交替打水，一种是两腿交替蹬夹水，另一种是两腿同时蹬夹水,踩水时腿部的技术动作有两种，一种是两腿交替打水，另一种是两腿同时蹬夹水,踩水时腿部的技术动作有两种，一种是两腿交替蹬夹水，另一种是两腿同时蹬夹水,踩水时腿部的技术动作有三种，一种是两腿交替打水，一种是两腿做剪水，另一种是两腿同时蹬夹水,C,p12；记忆:两腿蹬夹水一个同时，一个交替
46,单选题,国职游泳救生员初级,技能知识,踩水时两臂向外摸水时掌心稍()，向内摸水时掌心稍向内。,向后,向前,向内,向外,D,p12；踩水两臂向外摸水时掌心稍向外，向内水时掌心稍向内
47,单选题,国职游泳救生员初级,技能知识,踩水时两臂()手掌要有压水的感觉，两手摸水路线呈弧形。,向外摸水时掌心稍向外，向内摸水时掌心稍向内,向外摸水时掌心稍向外，向内摸水时掌心稍向外,向外摸水时掌心稍向内，向内摸水时掌心稍向内,向外摸水时掌心稍向内，向内摸水时掌心稍向外,A,p12:踩水两臂向外摸水时掌心稍向外，向内摸水时掌心稍向内
48,单选题,国职游泳救生员初级,技能知识,采用两腿同时蹬夹水的踩水配合，通常是(),两腿做完蹬夹水动作两手做向外的摸水动作,两腿做蹬夹水动作的同时，两手做向内的摸水动作,两腿做蹬夹水动作的同时，两手做向外的摸水动作,两腿做蹬夹水动作之前，两手做向外的摸水动作,C,p12:通常两腿做蹬夹水动作的同时，两手做向外的摸水动作
49,单选题,国职游泳救生员初级,技能知识,踩水时，腿和臂配合动作的比例是()。,0.042361111,0.084027778,0.04375,0.043055556,A,p12；腿和臂配合比例是1:1；两腿各蹬夹一次，或两腿同时蹬夹一次，两手做一次摸水动作
50,单选题,国职游泳救生员初级,技能知识,踩水腿和臂配合动作的技术，腿和臂配合动作要连贯，一般是()。,两腿各蹬夹一次，或两腿同时蹬夹一次，两手做两次摸水动作,两腿各蹬夹一次，或两腿同时蹬夹一次，两手做一次摸水动作,两腿各蹬夹一次，或两腿同时蹬夹两次，两手做一次摸水动作,两腿各蹬夹两次，或两腿同时蹬夹两次，两手做两次摸水动作,B,p12
51,单选题,国职游泳救生员初级,技能知识,关于踩水时的呼吸节奏，以下说法正确的是(),随着腿、臂动作的节奏自然呼吸,蹬两次腿吸一次气,划两次手吸一次气,快速呼吸,A,p13；踩水时，要随着腿、臂动作节奏自然呼吸。
52,单选题,国职游泳救生员初级,技能知识,踩水时，呼吸要自然，随着()呼吸。,腿动作的节奏急促,腿、臂动作的节奏急促,臂动作的节奏自然地,腿、臂动作的节奏自然地,D,踩水时，要随着腿、臂动作节奏自然呼吸。
53,单选题,国职游泳救生员初级,技能知识,用踩水技术向前游进时，()。,身体要略前倾，腿向侧方蹬水，两臂向后拨水,身体要略后倾，腿稍向后侧蹬水，两臂向后拨水,身体要略前倾，腿稍向后侧蹬水，两臂向后拨水,"身体要略前倾，腿稍向后侧蹬水,两臂两侧拨水",C,p12
54,单选题,国职游泳救生员初级,技能知识,反蛙泳技术动作具有简易、游起来既()又能持久的特点。,快速,方便,自如,省力,D,p13；反蛙泳动作简单，省力又持久
55,单选题,国职游泳救生员初级,技能知识,反蛙泳技术动作简易游起来省力又持久。在救助溺者时，一般可用()进行拖带。,夹胸,抓头发,托颈,托腋,D,p13:托腋是双手托住溺水者，腿部用反蛙泳腿
56,单选题,国职游泳救生员初级,技能知识,反蛙泳蹬腿时两膝约宽于肩，脚和()向后方对准蹬水方向。,小腿内侧,大腿内侧,小腿外侧,大腿外侧,A,p14；小腿内侧向后方对准蹬水方向
57,单选题,国职游泳救生员初级,技能知识,反蛙泳腿的动作(),类似踩水腿,救生踩水腿,类似蛙泳腿,救生蛙泳腿,C,p14；反蛙泳腿的动作类似蛙泳腿的动作
58,单选题,国职游泳救生员初级,技能知识,反蛙泳臂动作技术，两臂自然伸直同时经空中在()使手和前臂对准划水方向，用力在体侧划水。,肩后入水，然后屈臂高肘，掌心向前,肩前入水，然后屈臂高肘，掌心向前,肩后入水，然后屈臂高肘，掌心向后,肩前入水，然后屈臂高肘，掌心向后,D,p14；两臂自然直径经空中在肩前入水，然后屈臂高肘，掌心向后
59,单选题,国职游泳救生员初级,技能知识,反蛙泳的手臂技术为两臂()，手和前臂对准划水方向，用力在体侧划水。划水结束后，两臂在体侧稍停顿，使身体向前滑行，然后两臂自然放松从空中向前移臂。,自然伸直经空中在肩前入水，然后屈臂高肘，掌心向内,自然伸直经空中在肩前入水，然后屈臂高肘，掌心向外,自然伸直经空中在肩两侧入水，然后屈臂高时，掌心向后,自然伸直经空中在肩前入水，然后屈臂高肘，掌心向后,D,p14；两臂自然直径经空中在肩前入水，然后屈臂高肘，掌心向后
60,单选题,国职游泳救生员初级,技能知识,反蛙泳臂腿呼吸配合的比例为(),0.042372685,0.084039352,0.04306713,0.042384259,A,p14；腿、臂与呼吸配合比例是1:1:1，即一次蹬腿、一次划臂、一次呼吸
61,单选题,国职游泳救生员初级,技能知识,反蛙泳配合动作，两臂前移的同时，()。,边收边分快收腿,先收后分慢收腿,边收边分慢收腿,先收后分快收腿,C,p14；边收边分慢收腿
62,单选题,国职游泳救生员初级,技能知识,使用反蛙泳配合技术时，()动作之后身体自然滑行。,腿做一次、臂做两次,腿、臂各做两次,腿、臂各做一次,腿做两次、臂做一次,C,p14；腿、臂与呼吸配合比例是1:1:1，即一次蹬腿、一次划臂、一次呼吸
63,单选题,国职游泳救生员初级,技能知识,关于反蛙泳的完整配合技术的分类，以下以下说法正确的是()。,反蛙泳的完整配合技术有两种。一种是手划水与腿蹬夹水(移臂与收腿)同时进行，另一种是手划水和腿前后交替打水,反蛙泳的完整配合技术有两种。一种是手划水与腿蹬夹水(移臂与收腿)同时进行，另一种是手划水和腿蹬夹水交替进行,反蛙泳的完整配合技术有三种。第一种是手划水与腿蹬夹水(移臂与收腿)同时进行，第二种是手划水和腿前后交替打水，第三种是手划水和腿蹬夹水交替进行,反蛙泳的完整配合技术有两种。一种是手划水与腿蹬夹水(移臂与收腿)同时进行，另一种是手划一次水和腿蹬夹水两次交替进行,B,p14；反蛙泳的完整配合技术
64,单选题,国职游泳救生员初级,技能知识,侧泳技术具有速度快、动作()的特点。,自如省力,效果好,方便,简易,A,p14；动作自如省力
65,单选题,国职游泳救生员初级,技能知识,侧泳技术特点是()。,速度快，动作自如费力,速度慢，动作自如费力,速度快，动作自如省力,速度慢，动作自如省力,C,p14；动作自如省力，速度快
66,单选题,国职游泳救生员初级,技能知识,侧泳时身体侧卧水中，稍向胸侧倾斜与水平面成()度角。,15-20,45945,20-30,45787,B,p14； 10°~15°
67,单选题,国职游泳救生员初级,技能知识,侧泳时身体侧卧水中，稍向胸侧倾斜与水平面成10°~15°夹角，头的下半部没入水中，下面的臂向前伸，上面的臂置于()，在游进时绕身体的()转动。,体侧，横轴,体前，横轴,体前，纵轴,体侧，纵轴,D,p14；侧泳的身体姿势
68,单选题,国职游泳救生员初级,技能知识,侧泳时头的下半部没在水中，下面的臂()上面的臂置于( )。,前屈，体侧,垂直，体侧,前伸，胸前,前伸，体侧,D,p14；侧泳的身体姿势
69,单选题,国职游泳救生员初级,技能知识,侧泳的收腿动作为上面腿屈髋、提膝向前收，大腿与躯干成90°左右，小腿与大腿成45°~60°。()，足跟靠近臀部。,下面的腿髋关节伸展，膝关节尽量伸直,下面的腿髋关节屈曲，膝关节尽量伸直,下面的腿髋关节伸展，小腿向后收，膝关节尽量弯曲,下面的腿髋关节屈曲，小腿向后收，膝关节尽量弯曲,C,p15；侧泳的腿部技术
70,单选题,国职游泳救生员初级,技能知识,侧泳收做收腿动作时，大腿与躯干成()度角，小腿与大腿成()度角。,80、45-60,90、50-60,90、45-60,100、45-60,C,p15:侧泳的腿部技术
71,单选题,国职游泳救生员初级,技能知识,侧泳做翻脚动作时，下面的腿将脚尖绷直脚和()对准蹬水方向。,大腿正面向后,大腿正面向侧,小腿正面向侧,小腿正面向后,D,p15；脚和小腿正面向后对准蹬水方向
72,单选题,国职游泳救生员初级,技能知识,侧泳上面臂划水动作与爬泳臂划水动作相似，不同的是上面的臂前移时，上体绕身体的轴略有转动，这样就使两肩连线与垂直线之间的角度增大到()。,45-55度角,50-55度角,45-50度角,40-50度角,C,p15；45°~50°
73,单选题,国职游泳救生员初级,技能知识,侧游时下面臂的动作分为()。,基本姿势、滑下、划水和臂前移四个阶段,基本姿势、入水、划水和臂前移四个阶段,准备姿势、入水、划水和臂前移四个阶段,准备姿势、滑下、划水和臂前移四个阶段,D,p15:侧泳时下面臂的动作分为:准备姿势、滑下、划水和臂前移4个阶段
74,单选题,国职游泳救生员初级,技能知识,侧泳臂与呼吸的配合技术中，上面臂开始划水时，逐渐呼气，臂划到()转头吸气。,肩前做抱水,肩下做抱水,腹下做推水,推水结束,C,p16；上面臂开始划水时，逐渐呼气，臂划到腹下推水时转头吸气。
75,单选题,国职游泳救生员初级,技能知识,侧泳呼吸是在上面臂开始划水时，()，臂划到腹下做推水时()，移臂和入水时，头还原并闭气。,逐渐呼气，转头吸气,立刻呼气，转头吸气,立刻呼气，抬头吸气,逐渐呼气，抬头吸气,A,p16；上面臂开始划水时，逐渐呼气，臂划到腹下推水时转头吸气，移臂和入水时，头还原并闭三
76,单选题,国职游泳救生员初级,技能知识,在侧泳的完整配合中，两腿蹬剪水后，(),在上面臂划水结束与下面臂前伸时，动作应连续不断,在上面臂划水时与下面臂前伸时，应有短暂的滑行动作,在上面臂划水结束与下面臂前伸时，应有短暂的滑行动作,在上面臂划水结束与下面臂划水时，应有短暂的滑行动作,C,p16；腿、臂和呼吸完整配合动作
77,单选题,国职游泳救生员初级,技能知识,侧泳的完整配合动作是两腿跟剪水()两臂各划水()，呼吸()。,"一次,一次,一次","一次,两次,两次","一次,一次,两次","两次,两次,两次",A,p16；腿、臂和呼吸的配合比例是1:1:1，即两腿蹬剪水一次，两臂各划水一次，呼吸一次。
78,单选题,国职游泳救生员初级,技能知识,潜游泳为拯救()挽救其生命争取时间，在救生工作中起着重要作用。,沉底的溺者,精神紧张的溺水者,意识不清的溺者,在水中挣扎的溺者,A,p16；潜泳常用于水下搜寻、救助溺水者。沉底就是水下意思
79,单选题,国职游泳救生员初级,技能知识,关于潜泳技术，以下说法正确的是(),潜泳是潜在水中进行游泳的一种技术，具有一定的危险性和简易性,潜泳是潜在水中进行游泳的一种技术，具有一定的危险性和复杂性,潜泳是潜在水中进行游泳的一种技术，具有一定的安全性和复杂性,潜泳是潜在水中进行游泳的一种技术，较为简单易学,B,p16；潜泳具有一定危险性和复杂性
80,单选题,国职游泳救生员初级,技能知识,人体在水中采用两腿朝下潜深法下潜时，身体保持直立，头在上，脚朝下，两臂做()的推水动作使身体下沉，不在下潜过程中要时刻注意耳压。,左右拨水的动作,曲线划水的动作,自上而下的推水动作,自下而上的推水动作,D,p16；腿朝下潜深时，两臂是自下而上推水，人有一个沉的力
81,单选题,国职游泳救生员初级,技能知识,关于潜深技术的入水方法，以下说法正确的是(),潜深技术的入水方法主要有蛙式潜泳、蛙式长划臂潜泳和蝶式潜泳,潜深技术的入水方法主要有蛙式潜泳、蛙式长划臂潜泳和仰式潜泳,潜深技术的入水方法主要有腿朝下潜法和头朝下潜法,潜深技术的入水方法主要有腿朝下潜法、蛙式长划臂潜泳和爬式潜泳,C,p16；潜深分两腿朝下和头朝下
82,单选题,国职游泳救生员初级,技能知识,潜深时入水身体姿势为水平姿势有()潜深法、()潜深法。,两腿朝下、团身,团身、头先朝下,蛙式、蛙式长划臂,两腿朝下、头先朝下,D,p16；潜深分两腿朝下和头朝下
83,单选题,国职游泳救生员初级,技能知识,蛙式潜泳是在水下用蛙泳游进的一种技术。在游进中头与躯干始终保持水平姿势，为了避免身体()，头的位置应稍()于蛙泳头的位置，头与躯干成一直线。,下沉，高,上浮，低,下沉，低,上浮，高,B,p16；避免身体上浮，头位置稍低于蛙泳头的位置狳轻柠N~家头于躯干成一直线
84,单选题,国职游泳救生员初级,技能知识,蛙式潜泳在潜远时，头的位置应稍低于()的位置，头与()成一直线。,仰泳头，躯干,爬泳头，躯干,蛙泳头，躯干,蛙泳头，胸部,C,p16:避免身体上浮，头位置稍低于蛙泳头的位置，头于躯干成一直线
85,单选题,国职游泳救生员初级,技能知识,蛙式长划臂蛙泳腿和臂配合动作()。,收腿与臂前伸的动作几乎同时开始,先收腿然后臂前伸,臂前伸然后收腿,臂前伸滑行后收腿,A,p17:腿和臂的配合动作:收腿与臂前伸的动作几乎同时开始
86,单选题,国职游泳救生员初级,技能知识,蛙式长划臂潜远划臂时，手掌和前臂()，稍勾手腕，两手()做抓水动作。,内旋、向前下方,内旋、向前上方,外旋、向前下方,外旋、向前上方,A,p17:臂部动作:两臂向前伸直，开始划臂时手掌和前臂内旋，稍勾手腕，两手向前下方做抓水动作，臂划水开始稍慢。
87,单选题,国职游泳救生员初级,技能知识,蛙式长划臂潜泳腿的动作和蛙泳腿动作的区别是()，蹬水向正后方，以免身体上浮。,收腿时髋关节屈得较大，双腿分开较小,收腿时髋关节屈得较小，双腿分开也较小,收腿时髋关节屈得较大，双腿分开也较大,收腿时髋关节屈得较小，双腿分开较大,B,p17；收腿时髋关节屈得较小，双腿分开也较小
88,单选题,国职游泳救生员初级,技能知识,蛙式长划臂潜泳腿的动作与蛙泳腿动作的区别是收腿时髋关节屈得()，双膝分开()。,"较大,较小","较小,较大","较小,较小","较大,较大",C,p17；收腿时髋关节屈得较小，双腿分开也较小，蹬水向正后方，以免上浮。
89,单选题,国职游泳救生员初级,技能知识,爬式潜泳只用双腿做()打水动作向前游进。,侧泳,蛙泳,爬泳,蝶泳,C,p18
90,单选题,国职游泳救生员初级,技能知识,()技术特点是速度快、准确捕捉目标。,蛙泳,抬头爬泳,侧泳,仰泳,B,p18
91,单选题,国职游泳救生员初级,技能知识,抬头爬泳技术，()水面情况。,动作速度快便于判断,动作机动性强便于了解,动作速度快便于观察,动作机动性强便于观察,C,p18；优点:速度快，观察方便
92,单选题,国职游泳救生员初级,技能知识,抬头爬泳动作，身体俯卧水中，头部露出水面，两眼()。,左右环视,注视前方,注意水中情况,注视前方目标,D,p18；注视前方目标，即时刻看着溺水者
93,单选题,国职游泳救生员初级,技能知识,抬头爬泳的腿部技术是以大腿带动小腿做鞭状()打水动作，打水幅度为30-40cm，脚()。,左右交替，要露出水面,上下交替，要露出水面,左右交替，不要出水面,上下交替，不要出水面,D,p18
94,单选题,国职游泳救生员初级,技能知识,抬头爬泳腿部动作主要是起到()，保持身体流线型。,维持身体平衡作用,保持身体水平,推进身体,控制方向,A,p18
95,单选题,国职游泳救生员初级,技能知识,游泳抬头爬泳时由于头部要露出水面，()。,手臂入水点要靠外些，划水路线也就短一些,手臂入水点要远些，划水路线也就长一些,手臂入水点要近些，划水路线也就短一些,手臂入水点要远些，划水路线也就短一些,C,p18
96,单选题,国职游泳救生员初级,技能知识,两臂配合技术由于两臂所处位置不同，故有()配合之分。,前交叉和中交叉,中交叉和后交叉,前交叉和后交叉,前交叉、中交叉和后交叉,D,p19
97,单选题,国职游泳救生员初级,技能知识,抬头爬泳一般常采用( )配合技术游进。,后交叉,前交叉,中交叉,中交叉和前交叉,B,p19
98,单选题,国职游泳救生员初级,基础常识,观察是指救生员值岗时，不间断地扫视、环视自己所负责的区域，防止造成溺水事故发生的一种专门的()。,救生技术,赴救技术,游泳技术,救生手段,A,p22
99,单选题,国职游泳救生员初级,基础常识,关于游泳救生观察的定义，以下说法正确的是()。,观察是救生工作中次重要的一个环节，是救生工作中“以救为主”的具体体现,观察是救生工作中最重要的一个环节，是救生工作中“以救为主”的具体体现,观察是救生工作中最重要的一个环节，是救生工作中”以防为主”的具体体现,观察是救生工作中次重要的一个环节，是救生工作中“以防为主”的具体体现,C,p22；观察是救生工作中最重要的一个环节，是救生工作中“以防为主”的具体体现。
100,单选题,国职游泳救生员初级,基础常识,关于游泳救生观察方法的类别，以下说法正确的是()。,游泳救生观察的方法包括扫视法、环视法和跟踪法三种,游泳救生观察的方法包括点视法、环视法和跟踪法三种,游泳救生观察的方法包括扫视法和跟踪法两种,游泳救生观察的方法包括扫视法和环视法两种,A,p22；观察的方法:扫视法、环视法和跟踪法
101,单选题,国职游泳救生员初级,基础常识,()是在值岗时，救生员对自己责任区的左右、远近进行直线、不间断的观察。,环视法,扫视法,跟踪法,眺望法,B,p22；记忆:扫视法:左右，远近
102,单选题,国职游泳救生员初级,基础常识,扫视法是在值岗时，救生员对自己责任区的()进行直线、不间断的观察。,前后、远近,左右、远近,前后、左右,左右、前后,B,p22；记忆:扫视法:左右，远近
103,单选题,国职游泳救生员初级,基础常识,()是指在值岗时，游泳救生员对自己的责任区以某一点为起点，进行圆周、不间断的观察。,环视法,点视法,跟踪法,扫视法,A,p22；记忆:环视法:起点、圆周
104,单选题,国职游泳救生员初级,基础常识,跟踪法是救生员在值岗时，对()内游泳技术不佳者应进行重点跟踪观察的一种方法。,游泳场所,自己负责区,深水区,浅水区,B,p22自己负责区
105,单选题,国职游泳救生员初级,基础常识,关于游泳救生观察方法中的环视法，以下说法正确的是(),游泳救生员在值岗时，游泳救生员对自己责任区的左、右、远、近进行波浪线、不间断的观察,游泳救生员在值岗时，游泳救生员对自己责任区的左、右、远、近进行曲线、不间断的观察,游泳救生员在值岗时，游泳救生员对自己责任区的左、右、远、近进行直线、间歇的观察,游泳救生员值岗时，游泳救生员对自己的责任区以某一点为起点，进行圆周、不间断的观察,D,p22；环视法:起点、圆周
106,单选题,国职游泳救生员初级,基础常识,观察是指救生员在自己责任岗位时，采用()来管理自己的责任区域。,跟踪法,扫视法,环视法,扫视法、环视法、跟踪法三种方法,D,p22；3种方法:扫视、环视、跟踪
107,单选题,国职游泳救生员初级,基础常识,游泳救生观察的方法包括()。,点视法、环视法和跟踪法,扫视法、环视法和点视法,扫视法、环视法和跟踪法,扫视法、区视法和跟踪法,C,p22；3种方法:扫视、环视、跟踪
108,单选题,国职游泳救生员初级,基础常识,关于游泳救生员观察的要求，以下说法正确的是(),游泳救生员在进场时段，应偏重于观察有无技术不佳的游泳者进入深水区,游泳救生员在观察时对老年人、少年儿童、孕妇、残障人士醉酒者等特殊人群应重点关注,游泳救生员在观察时应只观察自己的责任区,游泳救生员在进场时段，应偏重于观察那些还未及时起水的游泳者,B,p22；选择A进场时段，偏重入口和下水池边选择B正确；选
109,单选题,国职游泳救生员初级,基础常识,关于游泳救生员观察的要求，以下说法正确的是()。,游泳救生员在观察时应只观察深水区,游泳救生员在观察时应明确自己的责任区人少时可以放松注意力,游泳救生员在观察时应做到重点突出(主责区)和兼顾其他(次责区)，交叉观察，相互补漏,游泳救生员在观察时应只观察水中的人员,C,主次兼顾
110,单选题,国职游泳救生员初级,基础常识,观察的具体要求有()条。,6,5,4,3,A,p22；观察的要求6条:1明确观察责任区;2主次兼顾;3不同观察区域互相结合;4不同时段的观察;5对不同人群的观察;6交接班时的观察
111,单选题,国职游泳救生员初级,基础常识,救生员在观察时应有所侧重，下列人群中()最应引起救生员注意观察。,在教练保护下的初学者,在父母陪同下的孩子,在成人陪同下的老年人,游泳技术差的人,D,p22；游泳技术差的人
112,单选题,国职游泳救生员初级,基础常识,下列哪一类人群不是救生员的重点观察对象(),老人,妇女,儿童,在泳池旁休息者,D,p22；对不同人群的观察
113,单选题,国职游泳救生员初级,基础常识,游泳救生员值岗期间，()，这样才能及时发现溺水事故的隐患。,应观察整个泳池，注意力要保持高度集中,应明确自己的责任区，注意力要保持高度集次,应观察整个泳池，注意力可以在人少时放松,应明确自己的责任区，注意力可以在人少时放松,B,p22；明确观察责任区
114,单选题,国职游泳救生员初级,基础常识,中小学专场时，救生员配备()。,按游泳人数配备,增加中、浅水区域的观察岗位,加强巡视,正常配备,B,p22；不同时段的观察
115,单选题,国职游泳救生员初级,基础常识,救生员在交接班时()，交班人员方可下岗。,到下班时间,接班救生员到岗,经救生组长同意,交接双方确认无事故隐患,D,p23；交接2个步骤:1听取交班班情况介绍，2双方确认没有事故隐患
116,单选题,国职游泳救生员初级,基础常识,游泳教生员在交接班时，接班游泳救生员()，并听取交班游泳救生员的情况介绍。,眼睛应注意其他救生员,眼睛应不间断地扫视自己的责任区域,应快速离岗,眼睛应注意交班救生员,B,p23；接班时，眼睛应不间断地扫视自己的责任区域
117,单选题,国职游泳救生员初级,基础常识,受伤溺水者在溺水时手脚动作方面表现为()。,受伤肢体失去活动能力,无活动能力,手臂有活动能力，腿部无活动能力,腿部有活动能力，手臂无活动能力,A,p23；受伤肢体失去活动能力
118,单选题,国职游泳救生员初级,基础常识,关于游泳救生员观察的要求，以下说法正确的是(),疲劳溺水者会失去活动能力,疲劳溺水者会完全没有呼吸，手脚没有动作,疲劳溺水者会面部表情呆滞，并且没有移动能力,疲劳溺水者会间歇性的呼吸，面部表情焦虑,D,p23；呼吸是间歇呼吸、面部表情焦虑
119,单选题,国职游泳救生员初级,基础常识,昏迷溺水者在面部表情方面表现为()。,呆滞,焦虑,痛苦,恐慌,A,p23:昏迷溺水者面部表情是呆滞
120,单选题,国职游泳救生员初级,基础常识,溺水者在水中两臂横伸、上下拍水、身体垂直，面部表情恐慌，根据其表现，判断该溺水者属于( )。,疲劳溺水者,不会游泳溺水者,受伤溺水者,昏迷溺水者,B,不会游泳溺水者
121,单选题,国职游泳救生员初级,基础常识,疲劳溺水者在溺水时身体姿态方面表现为()。,身体垂直,俯卧在水面(或水中、池底),仰卧在水面(或水中、池底),身体接近水平姿势,D,p23；疲劳溺水者身体姿势:接近水平姿势
122,单选题,国职游泳救生员初级,基础常识,游泳者因疲劳溺水时呼吸方式通常表现为(),没有呼吸,争取呼吸,正常呼吸,间歇呼吸,D,p23；疲劳溺水者:间歇呼吸
123,单选题,国职游泳救生员初级,基础常识,不会游泳者在溺水初期呼吸方式表现为()。,正常呼吸,争取呼吸,间歇呼吸,没有呼吸,B,p23；不会游泳溺水者:争取呼吸
124,单选题,国职游泳救生员初级,基础常识,()的表现为没有呼吸，没有动作。,疲劳溺水者,昏迷溺水者,不会游泳溺水者,受伤溺水者,B,p23；昏迷溺水者，没有呼吸，没有动作
125,单选题,国职游泳救生员初级,基础常识,最危险的是()的溺水者，如未能及时救助便会导致悲剧的发生。,大声呼叫,无挣扎呼叫无声甚至完全没有求救或呼叫行为,拼命挣扎,挥手呼,B,p23；最危险的是无挣扎、呼救无声甚至完全没有求救或呼叫行为的溺水者，如未能及时救助便会导致悲剧的发生。
126,单选题,国职游泳救生员初级,基础常识,对丧失意识溺水者可通过()，了解受伤的情况。,救生员远处观察,救生员询问,溺水者本人自述,检查溺水者肢体,D,p24:对丧失意识溺水者，判断是否受伤，检查肢体
127,单选题,国职游泳救生员初级,基础常识,关于不会游泳的溺水者，以下说法正确的是(),淹没在水中的时间可能越来越短,身体在水中维持水平,淹没在水中的时间可能越来越长,不关注维持呼吸,C,p24；不会游泳溺水者在水中状态:①可能不会用四肢寻找支撑;②身体在水中保持垂直，不能确定陆地和寻求帮助的方向;③只关注维持呼吸;④淹没在水中的时间可能越来越长;选者C
128,单选题,国职游泳救生员初级,基础常识,不会游泳的溺水者在发生溺水时常见的表现为(),会用四肢寻找支撑,不关注维持呼吸,可能不会用四肢寻找支撑,身体在水中维持水平,C,p24；不会游泳溺水者在水中状态:①可能不会用四肢寻找支撑;②身体在水中保持垂直，不能确定陆地和寻求帮助的方向;③只关注维持呼吸;④淹没在水中的时间可能越来越长，
129,单选题,国职游泳救生员初级,基础常识,游泳技能较差的溺水者在水中的表现为()。,身体在水中维持水平,能用手臂和腿寻找支撑,头部不会被淹没,不能用手臂和腿寻找支撑,B,游泳差在水中表现:①能用手臂和腿寻求p24；支撑;②身体倾斜于水面，头通常会朝向岸边;③头部间歇地被淹没;④有时能够吐出进入嘴里的水;A选项身体不能在水中维持水平:C选项头部会间歇被淹没;D选项不能用手臂寻找支撑，可能是受伤或不会游泳溺水者。正确答案选B
130,单选题,国职游泳救生员初级,基础常识,如溺水者在水中不能自主地支配肢动作，并缓慢下沉或已沉入池底，则()。,溺亡,游泳者屏气练习,潜泳练习,丧失意识,D,p24
131,单选题,国职游泳救生员初级,急救知识,检查溺水者有无自主呼吸应采取()的方法。,一听、二看、三触摸,一听、二看、三感觉,一摸、二看、三听,一摸、二看、三感觉,B,在判断溺水者是否具有自主呼吸时，可以通过一听：听其是否有正常的呼吸声音，二
